run,bun,eligible,suite,fixture,metric,pairs,median_A,median_B,median_change_pct,median_abs_pair_pct,p90_abs_pair_pct,A_mad_pct,B_mad_pct,paired_changes_pct
aa-140-1,1.4.0,False,router,10/static-shallow,nsPerOp,5,306.24767,309.1549500000001,0.9493231409728242,4.903800114341228,14.693923835751121,2.8284362130820404,1.981689117382738,"[6.592467832774207, -4.903800114341228, 14.693923835751121, 1.682707536725836, -2.432981775828702]"
aa-140-1,1.4.0,False,router,10/static-deep,nsPerOp,5,517.2478000000001,524.3663700000001,1.3762397829435002,2.256691768462271,11.739801679522655,2.6066655092588182,2.6118131870280257,"[7.704650573791705, -2.256691768462271, -11.739801679522655, -0.4391393858182213, -1.2715182162205796]"
aa-140-1,1.4.0,False,router,10/param,nsPerOp,5,643.4870799999999,622.02539,-3.3352169246350427,10.51811683619409,27.707109707240797,2.2191292480962055,5.376499181166895,"[27.707109707240797, -4.755332461375906, -10.51811683619409, -4.853098492220276, 19.71340499354064]"
aa-140-1,1.4.0,False,router,10/param-encoded,nsPerOp,5,601.3723899999997,620.4878500000003,3.1786394450201927,6.5764758505125975,18.42483675773684,4.298892072514415,4.071074075020113,"[6.5764758505125975, -1.0740791251314108, -18.42483675773684, -1.2447779467962827, 12.558889844249844]"
aa-140-1,1.4.0,False,router,10/wildcard,nsPerOp,5,722.7225499999997,657.3921799999999,-9.039481333466048,12.87437482060023,22.767604891229464,5.736673084297723,4.215997823399744,"[6.520932073345054, -12.87437482060023, -13.212146441234552, 7.296446649531618, 22.767604891229464]"
aa-140-1,1.4.0,False,router,10/miss,nsPerOp,5,301.4452,294.7175199999998,-2.231808633874477,4.073456547062193,16.294332077141284,9.416212299946947,2.745910728347521,"[-16.294332077141284, -0.24315198915101366, -10.500123258834982, 4.073456547062193, 3.447495038938575]"
aa-140-1,1.4.0,False,router,10/method-miss,nsPerOp,5,311.30033999999966,294.09542999999985,-5.526788052977983,2.3533136068995653,17.433692580054917,7.698921883606082,2.5323888915920096,"[17.433692580054917, -5.736942015546598, -0.19601445704348075, 2.0898503742664998, 2.3533136068995653]"
aa-140-1,1.4.0,False,router,10/registration,nsPerOp,5,9136.100000000057,9732.10999999992,6.523680782827035,8.156787784149166,75.31419314586721,2.8063396854251086,11.936465987330864,"[75.31419314586721, -29.19309052574296, -6.930674884019494, 8.156787784149166, 0.5235531340583188]"
aa-140-1,1.4.0,False,router,100/static-shallow,nsPerOp,5,313.0750500000005,307.6315699999998,-1.7387140878842633,3.2507108908381266,7.953723829674686,2.4396258980076424,4.575577207501709,"[3.2507108908381266, -7.953723829674686, -0.8739969366125866, -3.6233141582846407, -1.7387140878842633]"
aa-140-1,1.4.0,False,router,100/static-deep,nsPerOp,5,526.0231599999997,529.4622200000003,0.6537849017903774,2.421876141741963,9.503393436301867,1.2450478416198467,1.132031667906402,"[1.9227721768979578, -3.725512770198147, 0.1874675843990925, 9.503393436301867, -2.421876141741963]"
aa-140-1,1.4.0,False,router,100/param,nsPerOp,5,584.56097,567.4116700000002,-2.9337059571390545,6.166169889682516,12.029075441280202,1.2371096209177153,2.3719180819809904,"[12.029075441280202, -6.166169889682516, -2.0408365004476514, -7.854874106523091, -2.9337059571390545]"
aa-140-1,1.4.0,False,router,100/param-encoded,nsPerOp,5,634.7361600000011,617.13978,-2.772235317427174,8.5853007380712,27.584350283419145,0.8485919566956643,7.515012239204627,"[-2.914636916045299, -8.5853007380712, 27.584350283419145, -2.690516911744689, 16.323629647946824]"
aa-140-1,1.4.0,False,router,100/wildcard,nsPerOp,5,591.97316,584.2127600000003,-1.310937813464319,5.149195641912829,9.722283569048852,3.3509644254816098,2.975629974257927,"[1.9372305045679772, -1.310937813464319, 5.149195641912829, 6.899639437965388, -9.722283569048852]"
aa-140-1,1.4.0,False,router,100/miss,nsPerOp,5,262.92662000000064,257.1383100000003,-2.201492568535035,7.600099307404085,21.810744173671083,8.540226927193572,5.142279265972067,"[12.309383757477166, -2.201492568535035, 7.600099307404085, 1.431954119914125, -21.810744173671083]"
aa-140-1,1.4.0,False,router,100/method-miss,nsPerOp,5,287.88993000000005,280.72722,-2.4880029669672954,6.814982061223629,9.185624905756896,5.691817702689591,2.671034180440249,"[8.595516162047122, -6.814982061223629, -9.185624905756896, 3.3971757886522846, -2.8023939566069633]"
aa-140-1,1.4.0,False,router,100/registration,nsPerOp,5,87158.89999999944,90557.65999999948,3.8994985021610695,16.683792475582628,23.24368656704734,11.6930801100055,11.514652653347989,"[22.89614570495484, -23.24368656704734, 16.683792475582628, 13.862438275767474, -7.755473569620985]"
aa-140-1,1.4.0,False,router,1000/static-shallow,nsPerOp,5,326.9478199999992,304.2828200000008,-6.9322988604109455,6.001824617648522,13.05441837530047,8.923616618700793,4.8592260318873,"[1.3670548548432082, -6.9322988604109455, -13.05441837530047, -5.208156347177728, -6.001824617648522]"
aa-140-1,1.4.0,False,router,1000/static-deep,nsPerOp,5,547.7900999999997,539.8889100000008,-1.4423754646166298,1.4423754646166298,12.328194516102652,7.959110615544139,5.319383204222795,"[12.328194516102652, -1.4423754646166298, -10.749747813976896, 1.384251535846781, 0.7222061624238663]"
aa-140-1,1.4.0,False,router,1000/param,nsPerOp,5,580.7183699999996,570.537579999999,-1.753137239312852,7.414713305030118,22.10198186101342,1.4100966015591176,5.213276222751229,"[22.10198186101342, -2.4555075959674544, -4.456214392239099, -7.810198943766855, -7.414713305030118]"
aa-140-1,1.4.0,False,router,1000/param-encoded,nsPerOp,5,619.8762899999997,640.9384799999998,3.39780539113701,9.66693578753981,17.23145904771779,2.3924499515863134,3.5552148468290192,"[14.227346592423284, -9.66693578753981, 3.39780539113701, 8.567391968631188, -17.23145904771779]"
aa-140-1,1.4.0,False,router,1000/wildcard,nsPerOp,5,623.370930000001,575.0838399999998,-7.746124767159268,7.88531820076156,21.239100001384227,1.299324304390809,1.4400126423307364,"[21.239100001384227, -7.88531820076156, -7.746124767159268, 3.7660441433912784, -10.845977074401326]"
aa-140-1,1.4.0,False,router,1000/miss,nsPerOp,5,282.8689499999996,268.4768000000008,-5.087921456207467,6.855988197824869,17.234131110278216,1.8982076328991808,2.494871065210092,"[17.054607796295308, -6.855988197824869, -17.234131110278216, -6.791004695901504, -6.339343560566779]"
aa-140-1,1.4.0,False,router,1000/method-miss,nsPerOp,5,305.6537800000001,307.8255300000001,0.710526138430212,2.299437021180273,11.652503730204234,1.9559057964208086,1.6673145986299154,"[11.652503730204234, 1.834526633369049, -8.948272947007418, -2.299437021180273, 1.0069659352841764]"
aa-140-1,1.4.0,False,router,1000/registration,nsPerOp,5,695611.899999999,645661.96,-7.180719593784857,11.756524032785965,12.965472557327296,8.386777166980597,10.113810948379319,"[1.3164667019672338, -11.756524032785965, 12.965472557327296, 5.591861570951995, -12.065310700066423]"
aa-140-1,1.4.0,False,request,constructor-supplied-url,nsPerOp,5,837.9875999999967,913.0576499999961,8.95837241505717,12.771894175521492,36.34758928434776,6.447482039114026,3.173162176561025,"[36.34758928434776, -17.555825426047534, 12.771894175521492, 11.308437022218442, -10.88897462176569]"
aa-140-1,1.4.0,False,request,constructor-parse-url,nsPerOp,5,1058.4597499999973,1088.6958499999992,2.856613111646622,4.176195646551328,40.44829024758862,5.737605988324652,6.837488174497947,"[11.936580133715836, -4.167036061522178, 40.44829024758862, -2.08040355627378, -4.176195646551328]"
aa-140-1,1.4.0,False,request,metadata,nsPerOp,5,4843.778800000006,3521.7450500000036,-27.293437718501945,14.395185200428507,28.08883101637667,2.605353283267088,5.969733669392144,"[-2.073627736245809, -16.716053383775666, -14.395185200428507, -0.72550735532948, -28.08883101637667]"
aa-140-1,1.4.0,False,request,body-json,nsPerOp,5,46778.81938193817,27632.91689168923,-40.92857139879291,41.382671105673005,58.14003650803748,49.64904294395223,8.701238273246817,"[29.60312866311561, -41.382671105673005, -58.14003650803748, -0.8019925789093718, -46.06851715279481]"
aa-140-1,1.4.0,False,request,body-shared,nsPerOp,5,53806.24512451246,34510.086408640826,-35.86230310481358,21.376583084459543,51.73680151677472,39.70497314220656,15.66834823890115,"[18.64911832238203, -21.376583084459543, -51.73680151677472, 5.5854629163514025, -50.38742947027048]"
aa-140-1,1.4.0,False,di,value,nsPerOp,5,89.22015000000101,59.91772000000083,-32.8428387533532,29.184464739684056,53.68035862758149,26.19009270887633,12.96416152016486,"[-1.4365723342154912, -29.184464739684056, -53.68035862758149, 27.647893890326912, -32.8428387533532]"
aa-140-1,1.4.0,False,di,singleton-class-warm,nsPerOp,5,199.40535000000182,178.92742,-10.26949878727006,7.544015436109852,55.94432255140045,21.612534468107206,6.050866882225319,"[-1.0048660164748147, -0.9063347598248672, -46.87997372578212, 7.544015436109852, -55.94432255140045]"
aa-140-1,1.4.0,False,di,singleton-factory-warm,nsPerOp,5,203.157369999999,167.35157999999956,-17.62465718078533,5.072937159671643,60.05206440506497,13.22248855653129,7.032404474460151,"[-5.072937159671643, -44.13848512930334, 1.2262710429847168, 4.069234773843955, -60.05206440506497]"
aa-140-1,1.4.0,False,di,request-warm,nsPerOp,5,127.56761999999982,121.2728500000003,-4.934457505752265,18.498593027041434,48.96918558971305,17.742480419403538,5.858277429779515,"[-3.7009580109179208, -4.934457505752265, -18.498593027041434, 42.21225425972508, -48.96918558971305]"
aa-140-1,1.4.0,False,di,session-warm,nsPerOp,5,126.92471000000296,121.28885999999966,-4.440309534686482,9.782902005450755,33.92845746349706,10.868498340473945,12.943868051855388,"[-9.09297614991832, -9.782902005450755, 8.989351289850433, 33.92845746349706, -28.843461594849618]"
aa-140-1,1.4.0,False,di,class-cold-bind-resolve,nsPerOp,5,1082.6308999999924,928.0782000000045,-14.27565941448642,8.995563492599867,65.44716931078112,20.467691251007174,2.464091926736713,"[5.129620081545161, -35.6794016170436, 4.965636032272491, 8.995563492599867, -65.44716931078112]"
aa-140-1,1.4.0,False,di,factory-cold-bind-resolve,nsPerOp,5,518.7522500000114,419.7294499999998,-19.08864973597886,8.796811863030163,21.88648496552491,7.1302244954065435,11.43051792053384,"[-21.88648496552491, -19.08864973597886, 2.0326305202404082, -0.35981486199392343, 8.796811863030163]"
aa-140-1,1.4.0,False,di,transient-class,nsPerOp,5,650.2347900000041,603.2693700000004,-7.222840229758132,7.421638854380563,29.41255285917346,5.445599119666574,1.9831704699350168,"[-15.686258909554141, -4.110158424467558, -7.421638854380563, -1.551391133495239, -29.41255285917346]"
aa-140-1,1.4.0,False,di,transient-chain-3,nsPerOp,5,1375.63713,1297.8105000000005,-5.657497046477622,4.457474915641413,30.522715952392833,9.398713307484003,1.2719846233329255,"[-4.457474915641413, -11.935573979434654, -2.6939382855279415, 3.0174230899514543, -30.522715952392833]"
aa-140-1,1.4.0,False,dispatch,static,nsPerOp,5,8694.361536153572,7533.900090009043,-13.347287679710673,8.30564394255413,34.199462821554704,16.983835529106727,3.5244435104393386,"[0.7016970214375418, 8.30564394255413, -34.199462821554704, 2.817155676719696, -33.36499823793615]"
aa-140-1,1.4.0,False,dispatch,middleware,nsPerOp,5,8534.900690069038,8086.247824782543,-5.2566852454245305,11.134416973931028,46.14508913499623,7.918838320932072,5.485408881683493,"[-11.134416973931028, -19.929944698444967, -1.8784612130973155, 10.48347941293384, -46.14508913499623]"
aa-140-1,1.4.0,False,dispatch,async,nsPerOp,5,7284.66426642666,6789.464746474743,-6.797835862308399,10.712370947000693,39.47103209040025,4.8225342678059615,4.270346841697955,"[-16.10911644773131, -10.712370947000693, 0.5662115317425664, 6.153957366608065, -39.47103209040025]"
aa-140-1,1.4.0,False,dispatch,query,nsPerOp,5,9192.912691269174,7562.185718571843,-17.73895855930503,18.4495275646113,25.41477336592266,4.926315547614377,2.941578705455371,"[-18.4495275646113, -5.811368402419415, -25.41477336592266, 1.805477706814651, -19.294969735048895]"
aa-140-1,1.4.0,False,dispatch,metadata,nsPerOp,5,9586.168616861647,8164.58175817584,-14.829562419602116,15.07092591517354,21.80763176197501,5.638123734379032,3.590685048233462,"[-16.88303975580393, -15.07092591517354, -13.024935290931982, 2.8037671755580584, -21.80763176197501]"
aa-140-1,1.4.0,False,dispatch,class-warm,nsPerOp,5,16983.455745574527,12108.544854485532,-28.70388078915729,26.402809758665047,54.34972914556122,23.03809616312142,3.227484266972955,"[-11.794519382625058, -26.402809758665047, -54.34972914556122, -2.3222394029020044, -34.329004433962794]"
aa-140-1,1.4.0,False,dispatch,factory-warm,nsPerOp,5,16988.47554755477,12117.490249024811,-28.672291901029713,25.213460302919234,57.173723706258464,29.388361242189376,4.849211744349337,"[-14.704677461925142, -25.213460302919234, -57.173723706258464, 1.9975770180176822, -46.04066683759086]"
aa-140-1,1.4.0,False,dispatch,middleware-20,nsPerOp,5,12230.28232823284,9994.898589858985,-18.277450007949625,8.937452514938116,44.337914952877945,11.899052611512714,1.0795486218184625,"[-8.241264451532782, 8.937452514938116, -18.515358740635858, 0.6421219629030528, -44.337914952877945]"
aa-140-1,1.4.0,False,dispatch,static-listeners,nsPerOp,5,11036.599759975998,8579.775877587701,-22.260695647385155,8.79355514452962,42.02083831073104,26.440898293642856,1.4008095356621517,"[-5.317606789385931, -8.79355514452962, -22.603599125914965, 5.235905643566441, -42.02083831073104]"
aa-140-1,1.4.0,False,dispatch,middleware-listeners,nsPerOp,5,18942.438043804403,16135.838283828387,-14.816465301276171,17.588905000276323,38.417796679412255,16.597902537518085,5.933980205444833,"[-9.939395751988078, -23.260266326674472, -14.816465301276171, 17.588905000276323, -38.417796679412255]"
aa-140-1,1.4.0,False,http,static,rps,5,28867.66173212897,28443.38612091776,-1.469726281082906,2.5523289186018427,11.050290541629737,4.3669524541073,0.9976284935863489,"[2.5523289186018427, -8.046705892858874, 11.050290541629737, -2.452692366511444, -1.3862983827428232]"
aa-140-1,1.4.0,False,http,static,p50,5,1.0732990000001337,1.068058000000292,-0.48830754522655173,2.755533042431424,12.017380847681691,3.0812476299551275,2.331895833423732,"[-0.6090263962475917, 12.017380847681691, -2.755533042431424, 4.7144264576812756, -0.48830754522655173]"
aa-140-1,1.4.0,False,http,static,p95,5,1.883614999999736,1.878244999999879,-0.2850901059854527,5.376841870575766,14.65185299127545,5.002986279032967,3.0153680696502407,"[-3.3644093086907745, 14.65185299127545, -12.931866382559566, -3.7892564144294982, 5.376841870575766]"
aa-140-1,1.4.0,False,http,static,p99,5,2.678791999999703,2.744245000000319,2.443377462700469,7.459320878791775,19.865016144140725,6.169907928642686,6.373957135744173,"[-2.3151592557569156, 7.459320878791775, -19.865016144140725, 2.443377462700469, -14.226297075488104]"
aa-140-1,1.4.0,False,http,param,rps,5,30198.763367383333,29558.7558288667,-2.119317041994795,8.000879369047142,21.68573725001215,0.7639043793679275,5.534984962949545,"[0.45470559170477376, -2.167094826710525, -9.386491093329274, -8.000879369047142, 21.68573725001215]"
aa-140-1,1.4.0,False,http,param,p50,5,1.0795109999999113,1.0989150000004884,1.7974805259583837,7.769065394842389,11.944584513446932,3.740304637957896,4.178121146789865,"[-3.942693825796073, -0.02283549522820172, 10.741530192805016, 7.769065394842389, -11.944584513446932]"
aa-140-1,1.4.0,False,http,param,p95,5,1.8649099999993268,1.8999850000000151,1.880787812854301,8.972086866357554,21.073944433796644,6.507445399481043,2.0665952625642614,"[-6.375803658065749, 14.279516705399198, -0.5798334837572194, 8.972086866357554, -21.073944433796644]"
aa-140-1,1.4.0,False,http,param,p99,5,2.728957000000264,2.7530409999999392,0.8825349758047718,11.089835079708443,31.232312122477303,5.95850356013358,7.595237412012373,"[-0.8732629039517215, -3.600754094890879, 16.534998536060886, 11.089835079708443, -31.232312122477303]"
aa-140-1,1.4.0,False,http,wildcard,rps,5,27025.77342068659,31342.90916840107,15.974143202170033,16.530522180091122,35.4419791127913,7.258217408162045,0.47974398651189337,"[16.530522180091122, 8.126114720740008, -15.431669179352614, 35.4419791127913, 31.464595081092426]"
aa-140-1,1.4.0,False,http,wildcard,p50,5,1.1241339999996853,0.9730209999997896,-13.442614492572769,19.52328857453953,36.827135012050896,5.024845792362024,6.074894580914377,"[-15.595312159945497, -8.184344571000912, 19.52328857453953, -36.827135012050896, -20.954488477735723]"
aa-140-1,1.4.0,False,http,wildcard,p95,5,1.9698559999997087,1.7235749999999825,-12.502487491459402,16.70862867824223,29.383914469842253,5.722804103456485,3.3534368971561856,"[-16.70862867824223, -10.30350676447549, 15.25189810965395, -23.755340491884958, -29.383914469842253]"
aa-140-1,1.4.0,False,http,wildcard,p99,5,2.8142959999995583,2.434625999999298,-13.490762876411,20.466045327146265,51.778720251935525,9.392935213657152,5.235629620345255,"[-13.490762876411, -11.704757027061763, 20.466045327146265, -29.772357348569845, -51.778720251935525]"
aa-140-1,1.4.0,False,http,middleware,rps,5,28172.266646160682,28849.77226686668,2.404867273249134,4.354999516943236,26.801057613643774,3.5233816984290427,5.8238038957701175,"[0.494468877863774, -0.46688645342058965, -4.354999516943236, 16.343808800317007, 26.801057613643774]"
aa-140-1,1.4.0,False,http,middleware,p50,5,1.1593489999995654,1.0859220000002097,-6.333468179071467,6.333468179071467,18.848970843535984,1.9529063292912823,1.4678770666976824,"[12.473927246965676, -4.516287384340167, 3.151684840093316, -6.333468179071467, -18.848970843535984]"
aa-140-1,1.4.0,False,http,middleware,p95,5,1.8741159999999581,1.9311029999989842,3.0407402742961054,9.910063200079321,47.27296737429171,3.727037173718907,3.587638774368445,"[-7.848660381774597, 8.915538840752912, 9.910063200079321, -19.514775893376136, -47.27296737429171]"
aa-140-1,1.4.0,False,http,middleware,p99,5,2.8573770000002696,2.9939119999999093,4.778333415563529,12.63810003372875,47.29975175461144,2.684769983093009,2.0229051488601635,"[-12.63810003372875, 6.897899717116829, 10.22456798908198, -14.55476329804749, -47.29975175461144]"
aa-140-1,1.4.0,False,http,json,rps,5,26192.9102947524,28910.21679521914,10.374206111075557,8.273473674912779,65.4292453095435,8.302284972281257,3.915728349852937,"[14.664136858162212, 5.903730673870111, -8.273473674912779, -2.0528674412677805, 65.4292453095435]"
aa-140-1,1.4.0,False,http,json,p50,5,1.0431919999991806,0.9717190000010305,-6.851375393811132,15.489381808060365,25.28762958726287,9.11797636478705,8.630890205874561,"[-15.489381808060365, -6.352141288400759, 17.30160890826116, 9.032694582056, -25.28762958726287]"
aa-140-1,1.4.0,False,http,json,p95,5,2.0836899999994785,1.9544970000006288,-6.200202525274012,7.0825314705299185,66.54029322140534,7.152647466663503,9.589167954729104,"[-7.0825314705299185, -8.23444428692255, 3.0959041702633083, 1.0258180932488203, -66.54029322140534]"
aa-140-1,1.4.0,False,http,json,p99,5,2.950001000001066,3.0448280000000523,3.2144734865836355,4.174010883545876,69.35585790459444,3.1099311492039363,2.9844050304317284,"[1.4176287452184466, 0.4955058851751293, 5.704201456189151, -4.174010883545876, -69.35585790459444]"
aa-140-1,1.4.0,False,http,di,rps,5,24089.203937047383,23804.030527810766,-1.18382247077099,14.153836172477297,16.606110566128017,6.013676459752203,3.9972201989022635,"[2.50932941357076, -1.18382247077099, -16.300007321710154, 16.606110566128017, 14.153836172477297]"
aa-140-1,1.4.0,False,http,di,p50,5,1.2047849999999016,1.2630750000007538,4.838207647078674,7.981195202132829,34.64020721428118,10.087027976042313,10.181422322474162,"[5.764134870562554, -4.767882670159739, 34.64020721428118, -28.001842652292364, -7.981195202132829]"
aa-140-1,1.4.0,False,http,di,p95,5,2.517412000001059,2.4234049999995477,-3.734271545598089,6.517986787864283,21.338578715678814,14.481300637378249,0.21783399806815806,"[-4.302736055357803, -3.524572060536424, 6.517986787864283, -15.866302967427693, -21.338578715678814]"
aa-140-1,1.4.0,False,http,di,p99,5,3.3503899999996065,3.3720499999999447,0.6464919009530501,17.173152734633447,24.918427719442448,7.950089392557731,8.224077341707842,"[1.8240249643422635, -0.35557054547259437, 17.173152734633447, -17.70449129728734, -24.918427719442448]"
aa-140-1,1.4.0,False,http,static-file,rps,5,16084.070291256938,14390.59878618858,-10.528874062362824,2.6657195411744605,13.48093007103377,3.412029291455209,6.540293314008752,"[-2.6657195411744605, -0.1747924392404121, -13.48093007103377, 2.1984622727075465, -4.7040575478705104]"
aa-140-1,1.4.0,False,http,static-file,p50,5,2.0762549999999464,2.2165770000010525,6.75841840241731,4.024189419182223,28.475022865721968,11.419791884899666,8.998333917560673,"[-1.5300797266886157, 0.964091597647454, 28.475022865721968, -4.024189419182223, 4.438264878094689]"
aa-140-1,1.4.0,False,http,static-file,p95,5,3.245543999999427,3.6370460000016465,12.062754348802196,2.7984047204663742,17.521055106008387,7.041284912473294,3.7807330454274464,"[3.2738269326830993, 0.97546050832229, 17.521055106008387, 0.16403625304355351, -2.7984047204663742]"
aa-140-1,1.4.0,False,http,static-file,p99,5,4.0570520000001125,4.76180100000056,17.370962955378143,3.331293630572607,17.525073227959687,2.9547316623084154,13.631502030398218,"[3.331293630572607, 0.5795834019487911, 17.525073227959687, -2.0018658038391757, 6.747649774818676]"
aa-140-1,1.4.0,False,http,post-json,rps,5,8994.392226828548,8329.85286576166,-7.388374270411447,9.563872603606981,24.352152846914834,4.303804118309982,4.880308089328144,"[9.563872603606981, 7.3827252000753685, -24.352152846914834, -15.542971982567334, 0.1713445106566347]"
aa-140-1,1.4.0,False,http,post-json,p50,5,3.2537479999991774,3.440257999998721,5.73215872893631,10.34936309453104,35.905199011116416,6.405505281869937,5.396077852283878,"[-10.34936309453104, -2.7083843001947883, 35.905199011116416, 23.02056690749712, -1.0032239313903735]"
aa-140-1,1.4.0,False,http,post-json,p95,5,6.293879000000743,6.422958999999537,2.0508814992912683,11.349616435901478,21.889783832607378,5.962841039703175,5.05122327574672,"[-11.349616435901478, -7.458500552689651, 21.889783832607378, 18.989386821370747, -1.663227128982503]"
aa-140-1,1.4.0,False,http,post-json,p99,5,7.717713000000003,7.918487999999343,2.601483107746283,7.6045815426451835,27.484498499031318,8.804952969869662,6.732825761695092,"[-7.6045815426451835, -6.927972055959863, 27.484498499031318, 11.557054018994162, -6.463148548301922]"
aa-140-1,1.4.0,False,http,async,rps,5,24379.846276108863,29782.46319409568,22.160176306284306,17.57456284370058,75.82314309442933,20.321951505721387,10.492572086722197,"[24.039780436876313, 75.82314309442933, -16.061477828760495, -3.1615403176964763, 17.57456284370058]"
aa-140-1,1.4.0,False,http,async,p50,5,1.110196999999971,1.0565860000006069,-4.828962787628277,19.247740179925643,44.77049036801447,9.799431992648682,17.691981532982517,"[-19.247740179925643, -44.77049036801447, 24.177354993600233, -0.489834590171101, 17.161548806098615]"
aa-140-1,1.4.0,False,http,async,p95,5,2.2500700000000506,1.8797579999991285,-16.45779909073557,16.186207540223762,58.17036019737441,25.050109552154645,7.173955370831179,"[-16.186207540223762, -44.54005301938625, 11.464073409684472, 6.4611721981638, -58.17036019737441]"
aa-140-1,1.4.0,False,http,async,p99,5,4.304254999999102,2.781264999999621,-35.38335902496016,38.707465054904475,64.39147346532906,41.766902750874046,5.144349783252209,"[-38.707465054904475, -58.18294029680708, 21.178565967156658, 10.96205427405752, -64.39147346532906]"
aa-140-1,1.4.0,False,http,query,rps,5,25429.71713064795,27606.229390458753,8.558932246979921,8.558932246979921,24.216040345907786,9.840469789146644,3.1629513153305022,"[24.216040345907786, 8.558932246979921, -15.533341978701444, -2.722386753834516, 0.8439632957125909]"
aa-140-1,1.4.0,False,http,query,p50,5,1.2648059999992256,1.1794069999996282,-6.751944566965184,9.52714112994908,14.694379938583847,6.239533968287209,4.939601002649072,"[-9.52714112994908, -11.358026448086134, 14.694379938583847, 5.157914258626928, -2.215112627511806]"
aa-140-1,1.4.0,False,http,query,p95,5,2.067258999999467,1.934560000001511,-6.419079563711671,6.419079563711671,25.827827168686547,13.235061499206948,7.296439500491802,"[-25.827827168686547, -6.419079563711671, 22.394037652479383, 4.913344571047884, -3.274639502754839]"
aa-140-1,1.4.0,False,http,query,p99,5,3.2580569999990985,3.0506879999993544,-6.364805772268611,8.930967624305698,35.051497249963205,14.041712591159767,8.440751725515753,"[-35.051497249963205, -3.895818888309688, 8.930967624305698, -2.1022478346797047, -14.386137349976957]"
aa-140-1,1.4.0,False,http,metadata,rps,5,25135.062832411637,23014.585163090942,-8.436333274593377,13.76748045838163,22.433416082043568,9.4069320997955,10.474093175220881,"[13.76748045838163, 7.240048247881181, -21.789246767737747, 10.883787978007732, -22.433416082043568]"
aa-140-1,1.4.0,False,http,metadata,p50,5,1.3202089999977034,1.3628700000008394,3.2313823041056455,21.56812769257719,41.048555313439095,5.792340454943546,10.991583936800865,"[-18.111130657598405, -4.109001104513432, 41.048555313439095, -23.685946694840265, 21.56812769257719]"
aa-140-1,1.4.0,False,http,metadata,p95,5,2.1605540000018664,2.261421999999584,4.668617400797692,18.76901082643173,32.929050359285974,6.928871021150392,7.602826893925074,"[-3.4749853757029103, -18.76901082643173, 32.929050359285974, -11.563608222851595, 27.6022302983729]"
aa-140-1,1.4.0,False,http,metadata,p99,5,2.878475999998045,3.437471999997797,19.419859675749642,18.503380329551256,40.34229229610129,5.0300575720702705,2.369532028147058,"[-17.556442547317943, -18.503380329551256, 26.4712035190515, -2.1363388125454907, 40.34229229610129]"
aa-140-1,1.4.0,False,http,class-warm,rps,5,24987.422423128988,21932.95832000566,-12.224006347673699,12.224006347673699,18.516911259503278,6.070452759842216,6.131615558396046,"[12.257338231875048, 1.121822480381529, -12.224006347673699, -1.592732999285329, -18.516911259503278]"
aa-140-1,1.4.0,False,http,class-warm,p50,5,1.2916470000018307,1.307145999999193,1.1999408505063869,3.2366807113005214,12.488009494562169,2.9792969750927543,0.7963150251481965,"[-2.5104331986703254, 3.2366807113005214, 3.0157841428742893, 11.739262004934513, 12.488009494562169]"
aa-140-1,1.4.0,False,http,class-warm,p95,5,2.3243899999979476,2.5982120000007853,11.7803810893645,11.7803810893645,42.20618033681382,12.04806422343345,10.907501004403509,"[-17.513709312639424, -1.9571284377762455, 11.7803810893645, 0.2927358896992249, 42.20618033681382]"
aa-140-1,1.4.0,False,http,class-warm,p99,5,3.2317870000006224,3.5697309999995923,10.45687726322635,22.33624404324839,36.73526848189659,10.432618238734962,10.876029594441725,"[-22.33624404324839, -22.607810349258372, 17.484351536771705, -1.799609500048227, 36.73526848189659]"
aa-140-1,1.4.0,False,http,factory-warm,rps,5,21961.212161034982,22345.000733679666,1.7475746321763852,7.862384292138436,21.324972212228744,10.461847370390396,9.317758492094777,"[13.02584785792118, 3.047671463655255, -0.2862899844189304, 7.862384292138436, -21.324972212228744]"
aa-140-1,1.4.0,False,http,factory-warm,p50,5,1.351479000000836,1.2767690000000584,-5.528017823490517,5.528017823490517,20.850580463143853,7.096743641616532,17.974277257505836,"[-5.528017823490517, 2.784987512691761, 4.7324494432401165, -20.850580463143853, 18.83591423835338]"
aa-140-1,1.4.0,False,http,factory-warm,p95,5,2.6210449999998673,2.5850360000004002,-1.3738413495178015,10.133210894787803,34.15893122763538,15.447960641679387,6.152718956268425,"[-16.76112190226704, -10.133210894787803, 0.19686804311314088, -8.310098562888024, 34.15893122763538]"
aa-140-1,1.4.0,False,http,factory-warm,p99,5,3.7273050000003423,3.241116000001057,-13.043982180133929,19.520078239103313,34.043247041877045,19.328952151763954,6.401714718004722,"[-23.367515142730454, -19.520078239103313, -13.043982180133929, -1.7975586459353154, 34.043247041877045]"
aa-140-1,1.4.0,False,http,middleware-20,rps,5,24067.69076485578,24833.767954404957,3.1830107717181644,4.844494346936257,19.375362639724326,12.225646399694194,1.35882506410468,"[4.844494346936257, 19.375362639724326, -1.0041379706451248, -4.702129211202644, -9.306885346902693]"
aa-140-1,1.4.0,False,http,middleware-20,p50,5,1.27792099999715,1.229710999999952,-3.7725336697108314,5.382153190199357,18.78710145761957,4.8512388478258615,3.8439112928793606,"[-3.7725336697108314, -4.382097185646172, -11.278966118368661, 18.78710145761957, -5.382153190199357]"
aa-140-1,1.4.0,False,http,middleware-20,p95,5,2.292530999999144,2.249910999998974,-1.8590806405752391,2.595201139101877,21.95135780401375,10.296174839113585,5.557242042032541,"[2.4900862845793625, -21.95135780401375, -2.2992289150348455, 2.595201139101877, 19.418270973666928]"
aa-140-1,1.4.0,False,http,middleware-20,p99,5,3.2340409999997064,3.0333559999999125,-6.205394427584931,6.047938670726283,39.13146619185143,8.020399246656089,1.5391533337511587,"[7.18466463474392, -39.13146619185143, 1.5150824884139213, 1.5643815187388999, 6.047938670726283]"
aa-140-1,1.4.0,False,http,static-listeners,rps,5,27029.119440898055,25118.210575363726,-7.069815462219287,19.412072869966956,34.23584581598389,10.459067635754513,2.163041846355594,"[-1.2194423110426178, 34.23584581598389, -4.823519691603351, -20.514202789317704, -19.412072869966956]"
aa-140-1,1.4.0,False,http,static-listeners,p50,5,1.1770619999988412,1.1992429999991145,1.8844376931967277,23.268058501480194,32.42792720654002,10.914463299280616,5.096965335650886,"[1.8844376931967277, -28.496162564608664, -5.967544785125655, 32.42792720654002, 23.268058501480194]"
aa-140-1,1.4.0,False,http,static-listeners,p95,5,2.095902000000933,2.216045999997732,5.732329087750543,18.170254734581825,31.65516094118903,9.825554820852444,0.8653701232720632,"[-5.653413184428214, -26.41962535295457, 6.534208844292633, 31.65516094118903, 18.170254734581825]"
aa-140-1,1.4.0,False,http,static-listeners,p99,5,2.954348999999638,3.166455999999016,7.179483534254216,30.508094299830258,49.409282165058265,17.477183636767155,4.886819839008519,"[-3.0629082752914982, -49.409282165058265, 2.7266588948595016, 31.541262115709223, 30.508094299830258]"
aa-140-1,1.4.0,False,http,middleware-listeners,rps,5,21362.226849171428,21985.30226266002,2.9167156490184087,7.712390618768494,26.54779301914745,12.539032064926635,5.418315170360892,"[26.54779301914745, 7.083248957991373, -7.712390618768494, -5.850128974157299, -8.686865049983572]"
aa-140-1,1.4.0,False,http,middleware-listeners,p50,5,1.5125299999999697,1.4646609999981592,-3.1648297886198273,6.613951458846912,15.566317932202978,11.277065578737027,3.835358489206817,"[-15.566317932202978, -5.044308069251901, 9.143335759838278, 5.510443966114642, 6.613951458846912]"
aa-140-1,1.4.0,False,http,middleware-listeners,p95,5,2.718135999999504,2.7933069999999134,2.7655349107043703,11.650291292590342,22.247512418248526,12.093728937873385,6.311479547319374,"[-22.247512418248526, -11.650291292590342, 12.201777116236624, 10.524346575777566, 9.344124061480352]"
aa-140-1,1.4.0,False,http,middleware-listeners,p99,5,3.7604470000005676,3.527621999997791,-6.191418201153787,10.464877882551438,21.898985761821177,12.711387768549232,6.161317737514002,"[-21.898985761821177, -21.32434462066872, 4.872828070361179, 10.464877882551438, 6.768503850754581]"
aa-140-2,1.4.0,False,router,10/static-shallow,nsPerOp,5,302.67435000000006,309.62215,2.2954703627842576,2.59632071470981,2.9775276658761007,0.3813207164730169,1.546355775902973,"[2.59632071470981, 1.316342709831031, -2.9775276658761007, 2.687037309176521, 0.7136184483422348]"
aa-140-2,1.4.0,False,router,10/static-deep,nsPerOp,5,528.12162,536.75405,1.6345534197217626,4.777192713337186,8.266231576213844,3.1352967522897672,3.324928801189312,"[2.450064437808841, 4.629742098017919, -8.266231576213844, 8.229462230763485, 4.777192713337186]"
aa-140-2,1.4.0,False,router,10/param,nsPerOp,5,603.8637600000002,645.49014,6.8933396499898825,6.894218987408629,15.520292773292677,5.567388246646881,6.359970115112842,"[6.894218987408629, -1.8348674220474148, -15.520292773292677, 1.100833411194646, 15.388733926426145]"
aa-140-2,1.4.0,False,router,10/param-encoded,nsPerOp,5,664.5691299999999,682.8855099999998,2.756128621261711,5.124528505531933,17.114803789495745,5.327367523074725,1.65659247916982,"[-1.1979740430156371, -2.441187852957316, -16.787744865609366, 5.124528505531933, 17.114803789495745]"
aa-140-2,1.4.0,False,router,10/wildcard,nsPerOp,5,654.0941200000003,664.5307700000001,1.5955884147070165,5.401495686162838,15.449420444378514,4.788060164797085,2.985204131330168,"[0.8773279863047989, 1.5955884147070165, -15.449420444378514, 5.401495686162838, 6.380332437505221]"
aa-140-2,1.4.0,False,router,10/miss,nsPerOp,5,300.29089000000056,285.6415899999996,-4.878369770058932,8.845286648556183,23.32377865531,5.05513170912397,3.878223755861478,"[-7.687972046279635, -23.32377865531, -8.845286648556183, -5.450856489857891, 9.36938318339189]"
aa-140-2,1.4.0,False,router,10/method-miss,nsPerOp,5,347.45947,348.30223999999987,0.24255203060081776,12.793158019194873,27.95049862540162,7.267800184004323,5.932999454726508,"[6.189942095980316, -7.558394294062076, 27.95049862540162, -21.572316191171947, 12.793158019194873]"
aa-140-2,1.4.0,False,router,10/registration,nsPerOp,5,10895.990000000213,12270.35999999998,12.613539476447212,20.517008061059517,83.20372907831084,2.6674033291098573,20.02467735257763,"[83.20372907831084, 74.86253914244205, 9.687725436528382, 1.0930076356053142, 20.517008061059517]"
aa-140-2,1.4.0,False,router,100/static-shallow,nsPerOp,5,324.26447000000053,326.7751599999997,0.7742723092662995,4.48554229982554,47.09047478947961,1.6878414092054097,2.574755070122378,"[0.7742723092662995, 47.09047478947961, -9.094333924058894, -4.48554229982554, -0.13485307320112438]"
aa-140-2,1.4.0,False,router,100/static-deep,nsPerOp,5,550.7355199999995,535.3703600000006,-2.789934449842446,7.817989291059058,15.270612442195253,5.574984522516335,3.7557981357054055,"[10.45304895601662, -5.606912733720037, -7.817989291059058, -15.270612442195253, 1.5481102081438047]"
aa-140-2,1.4.0,False,router,100/param,nsPerOp,5,604.9397299999998,582.1413800000005,-3.768697751096517,6.3236990623817935,17.742513504450308,0.8848931115831804,2.7380170088579545,"[-3.5404940463485524, 2.0040799458397762, -17.742513504450308, 6.3236990623817935, -6.403527174516999]"
aa-140-2,1.4.0,False,router,100/param-encoded,nsPerOp,5,647.4801500000001,638.7253699999997,-1.3521310267195719,2.208044542489407,10.009678288979273,6.395301848249609,6.612582180663929,"[0.5730506793508949, 10.009678288979273, -2.208044542489407, -1.2776771586161195, 4.027344130106836]"
aa-140-2,1.4.0,False,router,100/wildcard,nsPerOp,5,575.1660300000003,640.8243899999991,11.415549002433046,10.694460931041583,14.163987011953271,0.9179436414212115,3.0933451206500346,"[13.81723834888049, 10.694460931041583, 1.2090630595828378, 14.163987011953271, 3.757300538226227]"
aa-140-2,1.4.0,False,router,100/miss,nsPerOp,5,258.7065800000005,265.76328999999987,2.7276886424765,9.688694494517659,14.468494693547939,3.9698333146372717,10.080034003191308,"[9.688694494517659, 14.468494693547939, 5.182071986093195, 9.871178480821152, -7.627297303377634]"
aa-140-2,1.4.0,False,router,100/method-miss,nsPerOp,5,293.76769999999965,287.9604399999994,-1.9768204605204343,7.905321936312426,13.609756931971372,2.4879522153046687,5.948063560397005,"[-1.9768204605204343, 9.102710319514973, -2.5035836680092682, -7.905321936312426, 13.609756931971372]"
aa-140-2,1.4.0,False,router,100/registration,nsPerOp,5,81779.8199999993,88105.57000000017,7.735098952285457,11.943527430610724,26.948491220563465,5.806664773778004,12.209489138995806,"[7.735098952285457, 13.344760231660779, -11.943527430610724, -5.286006483848038, 26.948491220563465]"
aa-140-2,1.4.0,False,router,1000/static-shallow,nsPerOp,5,338.96298,308.5060599999997,-8.98532341201399,6.553000630252415,13.050396256018548,3.054271590366725,6.834377904926961,"[-2.7650364650439463, 10.742258203495346, 3.1307714280892185, -6.553000630252415, -13.050396256018548]"
aa-140-2,1.4.0,False,router,1000/static-deep,nsPerOp,5,544.7034200000007,558.9236500000004,2.610637179402997,5.360042173072599,8.669816855527168,4.211853489005109,1.4444566802638439,"[2.131553762505245, 8.669816855527168, 5.360042173072599, -5.833016433052951, -1.9694889870457977]"
aa-140-2,1.4.0,False,router,1000/param,nsPerOp,5,585.6072700000004,603.9645199999995,3.1347373812485424,1.415826616958893,5.063175249169105,4.199357019594115,2.4627026104114607,"[1.415826616958893, -0.21709013425885715, 3.1347373812485424, 5.063175249169105, -0.6766765659245388]"
aa-140-2,1.4.0,False,router,1000/param-encoded,nsPerOp,5,620.6755899999985,629.3279700000016,1.3940261449629787,2.765225183645248,5.811377383489802,4.174741268622854,4.1049931405395315,"[-2.6161454830677, -5.3860271991413855, -0.7588843634076858, 5.811377383489802, -2.765225183645248]"
aa-140-2,1.4.0,False,router,1000/wildcard,nsPerOp,5,563.2799799999998,577.2854099999995,2.486406493623239,2.486406493623239,9.505694202246694,2.5512676662144624,3.4869736271354728,"[-0.6633998571543565, -8.138187325336254, 9.505694202246694, 2.486406493623239, 0.6161478231787809]"
aa-140-2,1.4.0,False,router,1000/miss,nsPerOp,5,267.01323,275.78322999999955,3.2844814468554695,4.158051842021704,8.687933514566758,2.8937367635298243,2.868020655208304,"[2.4578961349865924, -2.712154052193927, -5.706387657270373, 8.687933514566758, -4.158051842021704]"
aa-140-2,1.4.0,False,router,1000/method-miss,nsPerOp,5,313.9531699999998,325.66065999999864,3.7290561519091714,5.4368608150132225,39.74107348557694,2.556760296448243,4.349229655187788,"[-3.221856499250575, 3.9561723111097846, 39.74107348557694, 5.4368608150132225, -7.192032227953771]"
aa-140-2,1.4.0,False,router,1000/registration,nsPerOp,5,596452.2600000009,695921.3700000009,16.67679321057478,15.572373494194803,46.08773477444561,1.677004292011063,12.449172239099163,"[46.08773477444561, 29.038113459372994, 9.806606879891277, 0.7218951605615143, 15.572373494194803]"
aa-140-2,1.4.0,False,request,constructor-supplied-url,nsPerOp,5,948.1526500000085,897.29155,-5.364231171004796,7.9888302648854825,16.514517754269274,0.7623825129836299,4.55979441687622,"[-6.080258853743348, 3.9602009233424607, -16.514517754269274, 7.9888302648854825, -9.935618636678868]"
aa-140-2,1.4.0,False,request,constructor-parse-url,nsPerOp,5,1021.7218500000058,1099.1331500000001,7.576553246854201,7.576553246854201,38.88764086801568,1.7957186684429327,7.355460073240085,"[17.601088367196247, 38.88764086801568, 2.3191034707498392, 1.799096629345387, 7.576553246854201]"
aa-140-2,1.4.0,False,request,metadata,nsPerOp,5,3606.4001500000013,3671.7633999999975,1.812423671288843,3.2175133606395234,43.130250635921286,5.197156227935501,1.7283847864490294,"[43.130250635921286, 7.877795244970542, 3.137539049041549, 1.249010041218157, -3.2175133606395234]"
aa-140-2,1.4.0,False,request,body-json,nsPerOp,5,24558.954395439516,31650.702970297076,28.876427150231066,28.876427150231066,113.00850669465304,2.573918671670764,17.04076638454723,"[113.00850669465304, 109.32681287494788, 28.876427150231066, 4.990467340200699, 14.776987919765316]"
aa-140-2,1.4.0,False,request,body-shared,nsPerOp,5,28535.574557455737,34682.7401740174,21.54211265024466,18.60498869827696,114.652960017378,1.2990443498186774,17.828684863478973,"[114.652960017378, 79.95349422797658, 18.60498869827696, 6.816803295658658, 1.0443180730366652]"
aa-140-2,1.4.0,False,di,value,nsPerOp,5,62.284240000001326,72.75082999999995,16.80455601609396,19.777027933662474,50.922605688188696,6.642836133184606,20.622816262030238,"[27.616332518002263, 50.922605688188696, 19.777027933662474, 7.501801418784693, -13.336850257327026]"
aa-140-2,1.4.0,False,di,singleton-class-warm,nsPerOp,5,167.7146300000004,209.29311999999982,24.791212311054387,11.52173228023704,31.718863357203908,5.759950697205419,5.139652942246195,"[31.718863357203908, 3.383268232512404, 24.791212311054387, -11.52173228023704, 8.717368424215689]"
aa-140-2,1.4.0,False,di,singleton-factory-warm,nsPerOp,5,192.08341000000019,204.05070999999907,6.2302621553828486,6.607202568926285,33.84662927505391,7.248694720693681,7.164224030388173,"[33.84662927505391, 2.5297874773050344, 14.53236354516707, -4.380316178039578, -6.607202568926285]"
aa-140-2,1.4.0,False,di,request-warm,nsPerOp,5,130.30602000000044,154.43796999999904,18.51944369108849,18.51944369108849,39.91068695053555,10.77054613440029,14.616055883148855,"[36.86438923233699, -8.643065236838432, 39.91068695053555, -14.096956637918423, 18.51944369108849]"
aa-140-2,1.4.0,False,di,session-warm,nsPerOp,5,136.57124000000067,157.2942299999977,15.17375839891102,22.63010865245072,49.52881904379669,11.355546013933706,9.712365164315177,"[49.23276554492144, -1.4387364813959191, 49.52881904379669, -16.738763751055828, 22.63010865245072]"
aa-140-2,1.4.0,False,di,class-cold-bind-resolve,nsPerOp,5,998.7242499999979,972.1916499999907,-2.6566492202434566,6.793442543110562,23.239212319716774,4.438307170373161,8.94543786711129,"[23.239212319716774, -11.88400456460469, -6.793442543110562, -3.1866522507932205, -5.440500718792185]"
aa-140-2,1.4.0,False,di,factory-cold-bind-resolve,nsPerOp,5,426.385300000004,404.20629999999846,-5.2016333583745356,22.738921438129257,70.43434538971758,13.052173702986838,5.331757570329508,"[70.43434538971758, 35.934810604399644, -16.603547760180515, -22.738921438129257, 7.188547545369417]"
aa-140-2,1.4.0,False,di,transient-class,nsPerOp,5,614.0518100000008,630.9122600000001,2.7457699375561084,2.2941128490468365,18.064022481313724,1.1335102163452309,4.605757700761814,"[1.6409908265513806, -18.064022481313724, 13.485985816082756, 2.2941128490468365, 0.19258712365106678]"
aa-140-2,1.4.0,False,di,transient-chain-3,nsPerOp,5,1289.2744400000015,1372.5452399999995,6.458733487340207,9.207677273426018,14.456666948877839,2.404230553116419,5.496835208142155,"[14.456666948877839, 13.677473799845519, 0.46762222153022837, 0.3594797086025503, 9.207677273426018]"
aa-140-2,1.4.0,False,dispatch,static,nsPerOp,5,7644.868886888567,7395.728772877343,-3.258919383673353,6.1999774499085785,30.64433464657941,3.135455606809298,5.158218486647437,"[30.64433464657941, 2.4740436267643773, -8.249035688207218, -6.1999774499085785, 3.128827676081891]"
aa-140-2,1.4.0,False,dispatch,middleware,nsPerOp,5,8455.897689769034,8852.036003600457,4.684757649217053,8.902335573870612,38.287612680706154,6.004455016900517,12.774349071083664,"[38.287612680706154, 0.5949576540384971, 8.902335573870612, -14.878738032989036, 2.682801240976662]"
aa-140-2,1.4.0,False,dispatch,async,nsPerOp,5,6667.597959796024,6874.913591359168,3.109300122970926,5.463696700516929,51.15247406944536,0.34628825928338064,8.360293822747243,"[39.568291389739166, 51.15247406944536, 0.8334326379443757, -5.463696700516929, -5.182598797766779]"
aa-140-2,1.4.0,False,dispatch,query,nsPerOp,5,7828.912991299083,9450.936693669388,20.71837692120213,18.158138792348844,57.31201248175657,0.7629139939809181,16.657662425858653,"[57.31201248175657, 24.60964782978332, 2.2971012185845074, 18.158138792348844, -3.0220327708043726]"
aa-140-2,1.4.0,False,dispatch,metadata,nsPerOp,5,8043.228922892294,8910.089408940954,10.777518511022844,12.528829107590255,65.62818396993033,0.988649616932704,11.052139101537614,"[65.62818396993033, 29.995935960348554, 1.1608757809146608, 12.528829107590255, 0.9760489392718119]"
aa-140-2,1.4.0,False,dispatch,class-warm,nsPerOp,5,12917.678067806848,14899.10291029094,15.338862232696094,13.672187037586415,53.07629240105123,3.3963485591953417,11.592937069852303,"[53.07629240105123, 19.18805089719726, -6.4520588600739615, 13.672187037586415, 2.3109528707719873]"
aa-140-2,1.4.0,False,dispatch,factory-warm,nsPerOp,5,12751.270327032715,12279.406540654112,-3.700523746079243,7.369439110538378,54.66367099609408,2.2955632171541533,6.422393953448435,"[54.66367099609408, 7.369439110538378, -10.203542782216212, -3.700523746079243, 1.8378529009306588]"
aa-140-2,1.4.0,False,dispatch,middleware-20,nsPerOp,5,11202.188418841757,10722.890789078925,-4.278607106417409,6.3352198683023,11.254988162646107,8.272892222902527,7.288215147458857,"[7.67832476367849, 2.904551168450231, -11.254988162646107, 6.3352198683023, 1.6455971964287164]"
aa-140-2,1.4.0,False,dispatch,static-listeners,nsPerOp,5,9034.246624662455,8655.048604860578,-4.19733969589352,7.92278713422172,28.88719538520359,4.04600369882918,2.3994119098325273,"[28.88719538520359, 23.289474582672565, -2.493304523509532, -7.92278713422172, -1.4410793627366192]"
aa-140-2,1.4.0,False,dispatch,middleware-listeners,nsPerOp,5,15395.786378637973,15585.490849084925,1.2321843508440233,4.481190603630103,38.5053636504642,4.144936145885745,2.839272472968934,"[38.5053636504642, 4.481190603630103, -3.785310038583811, -1.642073193214666, 5.559790056835645]"
aa-140-2,1.4.0,False,http,static,rps,5,26418.226025232143,27611.825524590604,4.5180910263181495,8.27948750605656,20.461132362076917,2.0528436397485366,4.502866684087085,"[-4.472900862328633, 8.27948750605656, 9.224401325986054, 20.461132362076917, -1.8446498280117352]"
aa-140-2,1.4.0,False,http,static,p50,5,1.158226999999897,1.1138740000001235,-3.82938750346673,4.025276777066445,14.819300472170283,0.26808216349454145,3.0779064777380043,"[1.3359022582257962, -6.900763237464568, -4.025276777066445, -14.819300472170283, -0.8693459917556101]"
aa-140-2,1.4.0,False,http,static,p95,5,2.0526410000002215,1.8990539999999783,-7.482409247414756,8.62235883302943,12.780090286628177,1.247514787049152,2.7866506165507365,"[-0.894039871109531, -10.060551260539564, -8.62235883302943, -12.780090286628177, 7.809021095942148]"
aa-140-2,1.4.0,False,http,static,p99,5,3.211960999999974,3.060617999999522,-4.711856713093754,11.007037027949252,28.041564050871326,2.281410017115595,10.145728738438214,"[8.574327356436884, -1.8412641708412392, -14.379533250877575, -28.041564050871326, 11.007037027949252]"
aa-140-2,1.4.0,False,http,param,rps,5,27813.685391459192,27786.825267509477,-0.09657161059987152,8.211629301899425,19.456844822943896,6.4036796984567985,3.599956389789174,"[-19.456844822943896, 6.7386282575394585, 10.695804841124247, -8.211629301899425, 2.6439243766793297]"
aa-140-2,1.4.0,False,http,param,p50,5,1.1507330000004004,1.1300449999998818,-1.7978106129320492,11.44548735453883,43.11214253699542,4.741586449651663,7.941011198691245,"[43.11214253699542, -2.5377133843410893, -14.357800905401009, 11.44548735453883, 7.545948374652278]"
aa-140-2,1.4.0,False,http,param,p95,5,1.8966479999999137,1.9078300000001036,0.5895664351102781,8.98273263092979,17.95682929125977,6.336231077161469,1.1626822096151743,"[17.95682929125977, -5.71621519776545, -8.98273263092979, 12.982935697581798, 0.5895664351102781]"
aa-140-2,1.4.0,False,http,param,p99,5,3.016074000000117,2.9954050000005736,-0.6852948568086381,10.347716466118106,24.800637626346433,4.895602694090165,4.021359382077432,"[24.800637626346433, -7.631247809145902, -10.347716466118106, 12.409745306243902, 5.142082057663555]"
aa-140-2,1.4.0,False,http,wildcard,rps,5,27292.80239489986,28340.07419624254,3.837172109297149,14.328717263363199,17.707441205866804,9.176649056507946,5.072717545349164,"[-16.866122089916413, 14.328717263363199, 17.707441205866804, -1.430194338885571, -6.91375761690084]"
aa-140-2,1.4.0,False,http,wildcard,p50,5,1.1025030000000697,1.1057799999998679,0.29723275127577775,11.426363465700895,17.387493575199343,2.3053905522925398,5.8113729675387615,"[11.426363465700895, -17.387493575199343, -3.2784038077352418, 12.796849282907296, 2.664039826026854]"
aa-140-2,1.4.0,False,http,wildcard,p95,5,1.9973669999999402,1.8812410000000455,-5.81395407052876,13.780975407219653,28.614806408564377,6.27150643820969,4.309442543540046,"[28.614806408564377, -11.372249169880167, -23.606032230841713, -1.7550605371659644, 13.780975407219653]"
aa-140-2,1.4.0,False,http,wildcard,p99,5,3.0980460000000676,3.0062360000001718,-2.963480852120781,8.828525756876138,23.991140603050443,4.876396283334508,6.627623380189517,"[20.051786738317666, -7.125408456896388, -23.991140603050443, 3.467734178246129, 8.828525756876138]"
aa-140-2,1.4.0,False,http,middleware,rps,5,30393.810654886358,27344.99874677169,-10.031028826010392,6.311240585505007,14.992712133447261,1.08537527434971,5.4605932375666635,"[-14.992712133447261, -5.937365080579782, 6.311240585505007, -10.031028826010392, -3.789004498154014]"
aa-140-2,1.4.0,False,http,middleware,p50,5,1.0703520000006392,1.1482390000001033,7.276765026777876,9.385697415392059,11.749998497528003,3.5483653976400493,2.842700866264083,"[9.385697415392059, 5.966956168644022, -1.7852358954342784, 11.223376844826483, 11.749998497528003]"
aa-140-2,1.4.0,False,http,middleware,p95,5,1.7497249999996711,1.9307419999995545,10.345454285668755,7.3328615694897685,27.669205160850808,3.263255654421405,8.397911269354902,"[27.669205160850808, 2.3351678328848324, -7.3328615694897685, 11.49653425236079, 4.488466744241393]"
aa-140-2,1.4.0,False,http,middleware,p99,5,2.6014979999999923,2.882485000000088,10.800969287698713,12.586642393586045,27.09781056910423,4.6398267459502875,4.194540474640436,"[27.09781056910423, 12.586642393586045, -4.697291663851022, 15.355878238056109, 11.318356670586493]"
aa-140-2,1.4.0,False,http,json,rps,5,27116.09734939041,25128.006918805004,-7.331771991260016,7.661724742759867,21.569279366737383,8.98582686063031,4.280713299154704,"[-19.10199705636503, -2.8584792447279406, 21.569279366737383, 0.48345034200640846, -7.661724742759867]"
aa-140-2,1.4.0,False,http,json,p50,5,1.0773859999990236,1.1396719999993365,5.781214903513621,11.205454683940875,33.031552726554935,18.052304373662977,9.046813469286068,"[33.031552726554935, -5.351101795931445, -24.239978993148835, -0.509688037046041, 11.205454683940875]"
aa-140-2,1.4.0,False,http,json,p95,5,2.073840000000928,2.1320290000003297,2.8058577324854284,6.4859842998181705,28.123354911230216,3.3040157388644964,3.795492462759183,"[28.123354911230216, 6.060110712404088, -14.218478687036384, 6.4859842998181705, 5.622458715370682]"
aa-140-2,1.4.0,False,http,json,p99,5,2.876002000000881,3.2410949999994045,12.694462660262818,19.541327347641403,30.266683172211838,13.318001865068261,8.670372204471985,"[30.266683172211838, -0.52475768853818, -19.541327347641403, -6.3813763294922055, 22.46549202673731]"
aa-140-2,1.4.0,False,http,di,rps,5,21549.173272734297,22036.04003288061,2.2593291816087158,2.6141781579469447,32.5313375469749,6.055201326555571,11.621620023958197,"[-20.500194904020784, 2.3855939337567023, 32.5313375469749, -2.6141781579469447, -2.607505016507339]"
aa-140-2,1.4.0,False,http,di,p50,5,1.3765650000004825,1.4465170000003127,5.081634357971154,6.495733946420046,31.193311413008097,12.326915183801093,10.583007320208958,"[31.193311413008097, -6.450173419233007, -26.97868869955241, 2.8743422378867844, 6.495733946420046]"
aa-140-2,1.4.0,False,http,di,p95,5,2.456967000000077,2.438241999998354,-0.7621184982021467,8.542793236034175,23.69341217643173,4.228994528617494,14.001891526820915,"[23.69341217643173, -0.7621184982021467, -22.488058328737857, -2.8139402907399136, 8.542793236034175]"
aa-140-2,1.4.0,False,http,di,p99,5,3.505167999999685,3.568636999998489,1.8107263331974321,11.096675830068992,27.517856365111125,7.557868838244231,17.36800352635518,"[14.524952380533861, 1.8107263331974321, -27.517856365111125, 0.7519487416455695, 11.096675830068992]"
aa-140-2,1.4.0,False,http,static-file,rps,5,15226.052578363056,13894.103592346517,-8.747828625715515,8.966342876006927,15.397113896489678,4.346377427374915,2.165265841949547,"[-14.442339563138018, 1.4509230216675162, 15.397113896489678, 5.84840147625838, -8.966342876006927]"
aa-140-2,1.4.0,False,http,static-file,p50,5,2.1738580000001093,2.1648609999992914,-0.41387247928877935,13.620208863753458,16.809273695462213,11.604851834850601,11.162933786531307,"[13.620208863753458, -11.599069301002407, -16.809273695462213, 1.1636029662192682, 15.328671739177002]"
aa-140-2,1.4.0,False,http,static-file,p95,5,3.3340299999999843,3.6089329999995243,8.245366718342106,8.245366718342106,17.93534479474559,5.358260123588594,3.7219033991870134,"[17.93534479474559, 2.9250111703244874, -13.811195120986463, 0.8564253324165216, 8.245366718342106]"
aa-140-2,1.4.0,False,http,static-file,p99,5,4.384874999999738,5.008701999999175,14.226790957540958,8.655706970335252,20.970928824748803,4.735345933469294,3.868527215257739,"[18.645685452849015, 3.3181987610248154, -8.655706970335252, -5.4057994329056775, 20.970928824748803]"
aa-140-2,1.4.0,False,http,post-json,rps,5,9263.491402065965,8398.925928220995,-9.333041251078967,16.707175838064526,35.06212075281756,8.853265165614964,5.136282919746528,"[-20.51752333054765, 7.082578821097907, 35.06212075281756, 7.632443991847659, -16.707175838064526]"
aa-140-2,1.4.0,False,http,post-json,p50,5,3.067359000000579,3.3618999999998778,9.602429973121618,18.383721859696657,29.665414485463238,7.417651471527694,9.060679972621998,"[27.70594144509051, -4.708996207875893, -29.665414485463238, -7.277139715314651, 18.383721859696657]"
aa-140-2,1.4.0,False,http,post-json,p95,5,5.958018000001175,6.5495549999996,9.92841914875564,20.10627652027801,26.683425448748665,8.474042878020613,8.667367477636754,"[26.683425448748665, -1.4669011707792778, -22.425948980984213, -5.719804807587581, 20.10627652027801]"
aa-140-2,1.4.0,False,http,post-json,p99,5,6.93073799999911,8.09427500000129,16.78806787967355,19.285077227629422,31.6149160853165,5.828022932027724,3.734960821051258,"[27.190621211284196, -8.002786893598746, -31.6149160853165, -2.9805772487533577, 19.285077227629422]"
aa-140-2,1.4.0,False,http,async,rps,5,28876.266962816866,31120.87764287758,7.773202412039737,7.773202412039737,28.40554861086888,6.598461044338259,12.501308687993566,"[-20.427236401212433, 5.800812131749455, 28.40554861086888, 7.773202412039737, 1.3767427574237212]"
aa-140-2,1.4.0,False,http,async,p50,5,1.061004999999568,1.0264609999994718,-3.2557810755001526,9.0989203632875,36.3234927996676,9.361595845443079,17.127684344596616,"[36.3234927996676, -4.435669125953812, -31.820375547646908, -9.0989203632875, 1.64701152362694]"
aa-140-2,1.4.0,False,http,async,p95,5,1.9645760000003065,1.748713000000862,-10.987765298945462,11.146374586734897,21.098808423331526,3.3127758865513095,5.561861780574173,"[16.378197241780178, -9.04999758586581, -21.098808423331526, -11.146374586734897, 2.6772089057831794]"
aa-140-2,1.4.0,False,http,async,p99,5,2.588992999999391,2.6456210000014835,2.187259679810105,14.045136286718407,39.12080816505406,8.955257893655808,3.7058974055711316,"[39.12080816505406, -14.045136286718407, -18.83326145658962, -1.5996953254882262, 6.883758774965276]"
aa-140-2,1.4.0,False,http,query,rps,5,27497.06689458976,26342.275568076686,-4.199689119352168,8.271654343955914,15.0924544066098,4.396939348481973,11.370281773749472,"[-15.0924544066098, 8.271654343955914, 7.596750127096152, 3.407195013978792, 12.10689592681453]"
aa-140-2,1.4.0,False,http,query,p50,5,1.119764999999461,1.206637999999657,7.758145682374229,9.081401455731585,29.329983628341694,5.8076471401267975,9.858963500279206,"[29.329983628341694, -9.081401455731585, -13.682067219412774, 3.123349700664879, -6.948994021616173]"
aa-140-2,1.4.0,False,http,query,p95,5,2.0531320000009146,1.9698459999999614,-4.0565341147532745,4.3952165220903066,27.315737446860656,7.032670086542425,6.120529219090301,"[11.561555710990179, -1.3425402656447427, -4.3952165220903066, -3.115193148196549, -27.315737446860656]"
aa-140-2,1.4.0,False,http,query,p99,5,2.9911470000006375,2.9334080000007816,-1.9303297363801764,10.140660842222992,15.805776178767704,10.614122274805363,15.917083474365576,"[15.805776178767704, -10.140660842222992, -9.333103464709957, -8.5256444063041, -13.428186081343274]"
aa-140-2,1.4.0,False,http,metadata,rps,5,25354.287709747794,25536.196248249104,0.7174665704821725,4.407448176195272,22.81539857109194,1.8936992122160095,3.5588564324979344,"[-7.170376707342452, 22.81539857109194, 4.407448176195272, 0.250472494732934, -1.1543723025347008]"
aa-140-2,1.4.0,False,http,metadata,p50,5,1.2455799999988812,1.169608000000153,-6.099327220957029,6.691591186508927,22.164265816200867,1.706112815070757,3.710730432984918,"[-5.71536106263183, -22.164265816200867, -11.100454599169773, 6.691591186508927, 3.3067326064383673]"
aa-140-2,1.4.0,False,http,metadata,p95,5,2.046620000000985,2.0089890000017476,-1.8386901329616179,2.4094849069755564,18.914353681757234,2.449111217578688,3.358754079810769,"[16.74568185408869, -18.914353681757234, -2.4094849069755564, -0.6766632271344553, 0.6257463076308367]"
aa-140-2,1.4.0,False,http,metadata,p99,5,3.0049230000004172,3.104088000000047,3.3000845612222385,7.71048043488004,18.154003220996838,2.1734999533246278,6.729222882930187,"[8.62780862038337, -18.154003220996838, -7.71048043488004, 0.4134518739218773, 4.712175148450082]"
aa-140-2,1.4.0,False,http,class-warm,rps,5,24940.639524573762,25071.318910794133,0.5239616493859955,3.7393695475338773,32.611567667163555,5.005110917997538,12.228820662321892,"[-11.768933343378663, -3.7393695475338773, 32.611567667163555, -0.9969033641268443, -2.672667537110174]"
aa-140-2,1.4.0,False,http,class-warm,p50,5,1.1112299999986135,1.2882009999993898,15.925685951692902,20.311322349339346,28.10670304884403,5.319510812260103,15.179929219103407,"[27.548032360731824, 16.108423893646993, -28.10670304884403, 3.852704734650092, 20.311322349339346]"
aa-140-2,1.4.0,False,http,class-warm,p95,5,2.3341079999991052,2.2881820000002335,-1.9676038983153066,10.787461420058953,23.97205083669953,7.150183281915962,8.623002890484278,"[10.787461420058953, 12.193481994157507, -23.97205083669953, 2.1038521789285447, 6.559004684006653]"
aa-140-2,1.4.0,False,http,class-warm,p99,5,3.2554610000006505,3.0966540000008536,-4.878172400153624,10.342959107672245,32.783869806504825,8.83678225604727,16.001723150082164,"[10.342959107672245, 22.49825405441175, -32.783869806504825, 4.431584581215375, 4.342332306667873]"
aa-140-2,1.4.0,False,http,factory-warm,rps,5,26888.84959998179,25671.477917913748,-4.527421961811506,3.4809474843947474,14.894883405562275,0.9555289454776419,6.3286877257924585,"[-14.894883405562275, 1.3129007257517866, -3.4809474843947474, -4.527421961811506, 0.5539175777220962]"
aa-140-2,1.4.0,False,http,factory-warm,p50,5,1.1382400000002235,1.136345999999321,-0.16639724494852404,1.4028702823967953,13.533504482137282,10.802642676463565,5.169992238265642,"[3.8761360134039746, -1.4028702823967953, 13.533504482137282, -0.16639724494852404, -0.12354833030494561]"
aa-140-2,1.4.0,False,http,factory-warm,p95,5,2.091693000002124,2.1473079999996116,2.6588509880480116,3.921043105801625,37.0060391279166,6.848423740794133,0.653143377680527,"[37.0060391279166, 1.690586356939594, 5.897505012354642, 2.324528503866574, -3.921043105801625]"
aa-140-2,1.4.0,False,http,factory-warm,p99,5,2.81367500000124,3.0912329999991925,9.864607674938664,3.697553344985005,29.546944831868373,3.5650528224206686,12.573494136442303,"[29.546944831868373, 3.697553344985005, 1.5833344206181543, 15.77630004435402, -0.3983612973489925]"
aa-140-2,1.4.0,False,http,middleware-20,rps,5,24108.75921868804,26498.751304403533,9.913376561755527,7.286968978469943,19.23421249209547,3.1184883978641147,1.814297237467708,"[15.37464493178955, 7.286968978469943, 19.23421249209547, 6.16940872132663, -6.807788455730424]"
aa-140-2,1.4.0,False,http,middleware-20,p50,5,1.3320840000014869,1.1158369999975548,-16.23373601091903,12.423675272508994,25.170259533332885,3.052660342472607,7.059095549189563,"[-12.423675272508994, -25.068912866688176, -25.170259533332885, -11.573516044789722, 1.9971992218561274]"
aa-140-2,1.4.0,False,http,middleware-20,p95,5,2.3474129999995057,2.023997000000236,-13.777550009279915,11.772872286582158,18.76279094693567,0.18522518202851157,5.6073205642297195,"[-13.835252247256946, -7.706355890481187, -18.76279094693567, -11.772872286582158, 9.027448246590076]"
aa-140-2,1.4.0,False,http,middleware-20,p99,5,3.4101819999996223,2.953527000001486,-13.390927522290209,16.060014909885677,27.464009677629786,1.6901150730774155,4.584112486542648,"[-16.060014909885677, -10.926121267001843, -22.65471461640659, -9.58910022148446, 27.464009677629786]"
aa-140-2,1.4.0,False,http,static-listeners,rps,5,24066.941877627032,27551.430563591748,14.47831927995782,6.3318706050919715,16.797437104496172,7.301163690063482,1.7423273606258576,"[16.797437104496172, 6.3318706050919715, -6.113309268716782, -1.7058951686548363, 15.145490009001584]"
aa-140-2,1.4.0,False,http,static-listeners,p50,5,1.2847729999994044,1.133029999997234,-11.81088021014146,7.134271739703346,16.350312367728325,7.462641260372745,6.4806757105735535,"[-16.350312367728325, -7.339711082122713, -5.903113050295339, -7.134271739703346, -6.09562934455149]"
aa-140-2,1.4.0,False,http,static-listeners,p95,5,2.3627210000013292,2.040098000001308,-13.65472266932236,5.523868854132985,21.242457319448693,1.7732944346568282,8.787666082844908,"[-4.650983551953269, -5.523868854132985, 14.145085982305305, 4.283266578858869, -21.242457319448693]"
aa-140-2,1.4.0,False,http,static-listeners,p99,5,3.42716400000063,2.943837999999232,-14.102797531758304,8.24772442958841,19.450499880852156,3.626380295797139,4.498481234389758,"[-10.238727997858676, -7.481969652279874, 8.24772442958841, 4.95607813123593, -19.450499880852156]"
aa-140-2,1.4.0,False,http,middleware-listeners,rps,5,21611.31146015512,23069.124286452476,6.745600927482487,9.858144536104863,15.975256156415728,2.441054652890587,6.810082129809827,"[-9.858144536104863, -15.975256156415728, -4.12419796597746, 14.015064020603084, 1.8351915521659379]"
aa-140-2,1.4.0,False,http,middleware-listeners,p50,5,1.4947270000011486,1.44537400000263,-3.3018069519370807,4.01070063593254,22.849523692307695,3.9506879851955934,10.08209639843312,"[1.3595743544653427, 16.788680632222718, -4.01070063593254, -22.849523692307695, 0.6755707247111831]"
aa-140-2,1.4.0,False,http,middleware-listeners,p95,5,2.7737400000005437,2.6670019999983197,-3.8481616879088576,10.628086654015467,20.63106131064929,2.682262937309981,8.389570011478117,"[9.528872851729453, 20.63106131064929, 10.628086654015467, -12.724074704484478, -2.4956832057605016]"
aa-140-2,1.4.0,False,http,middleware-listeners,p99,5,3.562765999999101,3.39221699999689,-4.786982922882221,17.309135654732533,19.199819506039283,2.766221525639745,8.293602679220365,"[17.309135654732533, 19.199819506039283, 13.04222921580247, -17.67220629796884, -2.0782504073677766]"
aa-142-1,1.4.2,False,router,10/static-shallow,nsPerOp,2,291.51692,293.88190000000003,0.8112668039989002,4.656568954744672,5.508336452334106,0.8697539751723428,3.7489923673421157,"[-3.804801457155238, 5.508336452334106]"
aa-142-1,1.4.2,False,router,10/static-deep,nsPerOp,2,507.536655,530.954365,4.613993840504005,7.775774273529318,12.426490635105857,0.472268352716309,6.960390089268775,"[-3.1250579119527777, 12.426490635105857]"
aa-142-1,1.4.2,False,router,10/param,nsPerOp,2,587.825515,589.2616949999999,0.24432079985503563,7.680140146561337,8.14202557412198,2.8328210625563,4.822452441949428,"[-7.218254719000694, 8.14202557412198]"
aa-142-1,1.4.2,False,router,10/param-encoded,nsPerOp,2,573.7934599999996,596.3456100000001,3.930360237985364,4.221700966225239,8.369020406558603,5.139141878682266,1.0878222110161773,"[-0.07438152589187563, 8.369020406558603]"
aa-142-1,1.4.2,False,router,10/wildcard,nsPerOp,2,654.1994299999999,714.7103400000001,9.249612155730592,8.763423182574826,16.221142022454305,6.519271959622468,13.316571018127396,"[16.221142022454305, 1.3057043426953463]"
aa-142-1,1.4.2,False,router,10/miss,nsPerOp,2,284.9749300000002,266.9702050000001,-6.318003131012295,6.216290250991246,7.925516387297082,5.950814690962437,4.132777663335033,"[-4.507064114685411, -7.925516387297082]"
aa-142-1,1.4.2,False,router,10/method-miss,nsPerOp,2,274.97311500000023,303.21199999999976,10.26968945673088,10.35746806630894,20.19681635878281,0.8921181258030308,8.030157117792205,"[0.5181197738350685, 20.19681635878281]"
aa-142-1,1.4.2,False,router,10/registration,nsPerOp,2,8340.805000000273,9177.724999999838,10.03404347661332,18.833701832133542,29.386468879599214,2.754230556880241,14.349035300144521,"[-8.28093478466787, 29.386468879599214]"
aa-142-1,1.4.2,False,router,100/static-shallow,nsPerOp,2,292.614825,303.83106,3.8331055167830197,3.8178103667879326,4.062298572076606,6.2559868591757715,6.49052799276011,"[4.062298572076606, 3.5733221614992594]"
aa-142-1,1.4.2,False,router,100/static-deep,nsPerOp,2,484.4407050000004,568.8907399999999,17.43248123627421,17.38295134858352,19.65830025546356,2.176804073472771,4.1134664979781075,"[19.65830025546356, 15.107602441703483]"
aa-142-1,1.4.2,False,router,100/param,nsPerOp,2,528.2961499999999,574.7331100000002,8.789948592281128,8.817565049304953,10.159337417576285,2.0582073142119865,0.8253691874476698,"[7.475792681033622, 10.159337417576285]"
aa-142-1,1.4.2,False,router,100/param-encoded,nsPerOp,2,563.9959800000003,636.8516299999999,12.917760513115638,12.894804768241197,18.61195665825619,0.4015241385231795,5.4645538082393985,"[18.61195665825619, 7.177652878226204]"
aa-142-1,1.4.2,False,router,100/wildcard,nsPerOp,2,536.7416850000001,586.5038350000003,9.271154335627996,9.270856127744263,9.316377873068005,0.6550888627180907,0.6967465097649015,"[9.225334382420524, 9.316377873068005]"
aa-142-1,1.4.2,False,router,100/miss,nsPerOp,2,242.3828599999996,250.39273000000037,3.30463548453912,3.3070437965261212,4.254893998978981,0.254081497346717,0.6634417860296246,"[2.359193594073261, 4.254893998978981]"
aa-142-1,1.4.2,False,router,100/method-miss,nsPerOp,2,281.65647999999976,277.7971050000002,-1.3702418634215507,4.286367178356848,5.370947542208137,6.664419721498793,2.3378051401940914,"[-5.370947542208137, 3.2017868145055584]"
aa-142-1,1.4.2,False,router,100/registration,nsPerOp,2,71276.10500000059,79552.22499999992,11.61135278085026,11.3796743518356,15.51932688076434,5.596567040243886,9.293938667334485,"[15.51932688076434, 7.240021822906861]"
aa-142-1,1.4.2,False,router,1000/static-shallow,nsPerOp,2,313.7826799999999,335.9734900000001,7.072031509196175,12.579206811500782,20.078782577518183,3.398817296098012,8.335970198124807,"[-5.07963104548338, 20.078782577518183]"
aa-142-1,1.4.2,False,router,1000/static-deep,nsPerOp,2,517.9202349999997,552.8922050000006,6.752385335939004,6.782301000989865,7.47891076860292,4.294465343683707,3.643121537587952,"[6.085691233376811, 7.47891076860292]"
aa-142-1,1.4.2,False,router,1000/param,nsPerOp,2,562.798295,588.6076300000002,4.585894312277561,4.59155939927236,4.714223997421074,4.618355320355131,4.5013194952976745,"[4.468894801123646, 4.714223997421074]"
aa-142-1,1.4.2,False,router,1000/param-encoded,nsPerOp,2,662.1193949999997,608.7310149999996,-8.0632557214247,7.943718147180862,15.201456873492248,10.140301810672682,1.5887304510022262,"[-15.201456873492248, 0.6859794208694758]"
aa-142-1,1.4.2,False,router,1000/wildcard,nsPerOp,2,576.1104899999987,576.4084950000006,0.05172705673210931,5.379872832566102,5.503395090772778,1.3345148428038287,4.041618956361882,"[5.503395090772778, -5.256350574359425]"
aa-142-1,1.4.2,False,router,1000/miss,nsPerOp,2,265.3367000000003,252.77784500000053,-4.7331767524054325,4.712275036916474,6.934431811049557,0.940604899360113,1.3917497397762815,"[-2.4901182627833918, -6.934431811049557]"
aa-142-1,1.4.2,False,router,1000/method-miss,nsPerOp,2,283.0451199999993,279.06293000000005,-1.4069099654497763,2.3434333271425634,3.683827468861023,2.838391984994889,0.4634331044968087,"[1.0030391854241039, -3.683827468861023]"
aa-142-1,1.4.2,False,router,1000/registration,nsPerOp,2,558113.8799999997,633631.7550000001,13.530907885681053,30.033551759916026,46.016473225302356,8.164247769648833,18.113497957500545,"[46.016473225302356, -14.050630294529698]"
aa-142-1,1.4.2,False,request,constructor-supplied-url,nsPerOp,2,819.5354500000008,885.7377750000012,8.078030669692238,8.133515609655573,8.715101138545545,9.540288952723072,9.007070405233538,"[7.551930080765601, 8.715101138545545]"
aa-142-1,1.4.2,False,request,constructor-parse-url,nsPerOp,2,897.5876749999998,1047.839074999996,16.73946781856115,16.464035919282935,24.2095881263354,3.556000810729052,10.182515382908019,"[24.2095881263354, 8.718483712230473]"
aa-142-1,1.4.2,False,request,metadata,nsPerOp,2,3222.406024999998,3911.3659499999985,21.38029533382595,20.702547586035614,33.09967700866079,5.4669732377998,15.649908697497283,"[33.09967700866079, 8.305418163410438]"
aa-142-1,1.4.2,False,request,body-json,nsPerOp,2,26249.192919291934,27885.78112811276,6.234813443037379,39.91506045794668,53.7572831520039,19.05899468456219,17.14868854706203,"[53.7572831520039, -26.072837763889467]"
aa-142-1,1.4.2,False,request,body-shared,nsPerOp,2,28989.56705670569,30030.419441944206,3.59043783993922,32.075432825482714,40.70420980200393,15.70778222696103,14.491937108515252,"[40.70420980200393, -23.446655848961495]"
aa-142-1,1.4.2,False,di,value,nsPerOp,2,55.649065000000064,63.428109999998696,13.978752383348446,14.351820155523853,23.561008864177424,4.051038413675308,4.01544362586393,"[23.561008864177424, 5.142631446870283]"
aa-142-1,1.4.2,False,di,singleton-class-warm,nsPerOp,2,175.81156000000078,162.59619499999985,-7.5167781913776714,11.466147381149417,18.162995372794335,7.150877905866874,5.183808268084792,"[4.7692993895045, -18.162995372794335]"
aa-142-1,1.4.2,False,di,singleton-factory-warm,nsPerOp,2,201.18618000000083,195.58494499999938,-2.784105250172464,2.780124481505214,2.950884329786174,2.3312088335293843,2.155654158350666,"[-2.950884329786174, -2.6093646332242537]"
aa-142-1,1.4.2,False,di,request-warm,nsPerOp,2,157.09179000000063,138.0344350000007,-12.131350085195313,12.15016606394521,15.312671581971538,0.5949706219531719,4.193971598463806,"[-15.312671581971538, -8.987660545918885]"
aa-142-1,1.4.2,False,di,session-warm,nsPerOp,2,159.84804499999996,120.85554499999944,-24.393479444806797,24.08862518978225,29.562743703704818,5.569010869041311,1.6488072599410555,"[-29.562743703704818, -18.614506675859676]"
aa-142-1,1.4.2,False,di,class-cold-bind-resolve,nsPerOp,2,958.6073749999969,962.4532999999985,0.40119918751946315,12.372550422952699,13.298760989738124,4.243356149852493,8.057564974841023,"[13.298760989738124, -11.446339856167276]"
aa-142-1,1.4.2,False,di,factory-cold-bind-resolve,nsPerOp,2,467.95319999999947,487.73722500000076,4.227778547085759,37.38569254419335,50.124404212078154,22.7652145556441,11.245066439208026,"[50.124404212078154, -24.646980876308533]"
aa-142-1,1.4.2,False,di,transient-class,nsPerOp,2,587.9125199999987,600.6794049999996,2.171562020825979,3.399584640028591,5.593144668079653,0.6470792627448342,2.6801110319407875,"[5.593144668079653, -1.2060246119775297]"
aa-142-1,1.4.2,False,di,transient-chain-3,nsPerOp,2,1410.679755000001,1300.848135,-7.785723131753675,7.610113872225554,11.541347977121507,4.467026252886131,0.2123818242625845,"[-11.541347977121507, -3.6788797673296014]"
aa-142-1,1.4.2,False,dispatch,static,nsPerOp,2,6558.551005100489,7162.442394239417,9.20769524654592,9.20270688071646,11.015648958079161,0.27515307255241733,1.9352268866073676,"[11.015648958079161, 7.38976480335376]"
aa-142-1,1.4.2,False,dispatch,middleware,nsPerOp,2,7554.079957995802,8296.68406840686,9.830503708463256,9.847672728341696,14.15225849837396,0.39885417077671165,3.5203824213693204,"[14.15225849837396, 5.543086958309429]"
aa-142-1,1.4.2,False,dispatch,async,nsPerOp,2,6469.392289228917,6437.389888988921,-0.49467397877971386,8.081002946485487,8.195571570480109,4.703690337724931,3.399518093469764,"[7.966434322490867, -8.195571570480109]"
aa-142-1,1.4.2,False,dispatch,query,nsPerOp,2,7231.130963096361,7759.785478547902,7.310813732312393,11.651525166967197,18.88434020598073,0.6694290419589677,11.526678759704492,"[18.88434020598073, -4.418710127953663]"
aa-142-1,1.4.2,False,dispatch,metadata,nsPerOp,2,7332.125262526251,7895.432493249236,7.682727866120764,7.646278969932386,13.047517553527932,0.6748247762852045,5.690478376859201,"[13.047517553527932, 2.2450403863368384]"
aa-142-1,1.4.2,False,dispatch,class-warm,nsPerOp,2,11667.880138013788,12427.051455145525,6.506505964681342,11.027900813794528,17.84531714280979,2.819306861601428,7.52666702680449,"[17.84531714280979, -4.210484484779265]"
aa-142-1,1.4.2,False,dispatch,factory-warm,nsPerOp,2,12243.061806180569,13624.940594059368,11.287035953548784,26.529583747393644,39.7600666666001,7.325584088173319,16.38536721861624,"[39.7600666666001, -13.299100828187182]"
aa-142-1,1.4.2,False,dispatch,middleware-20,nsPerOp,2,9632.435343534395,10245.915841584203,6.368903357982014,7.184299929167254,13.722872976651646,2.3616732482664973,4.388695194787543,"[13.722872976651646, -0.6457268816828621]"
aa-142-1,1.4.2,False,dispatch,static-listeners,nsPerOp,2,8885.087458745938,9811.90549054902,10.431163858615466,25.63106440297976,37.93350174160568,7.300802848409624,15.785475992307878,"[37.93350174160568, -13.328627064353837]"
aa-142-1,1.4.2,False,dispatch,middleware-listeners,nsPerOp,2,15170.915691569156,15973.50165016502,5.290293446438965,9.056798165850438,14.393819199945446,0.5159393728373932,8.085572488685536,"[14.393819199945446, -3.7197771317554307]"
aa-142-1,1.4.2,False,http,static,rps,2,31559.97521974867,31559.182716090803,-0.0025111035491964806,0.7512618588748188,0.7698108433128681,2.13479237623995,2.8857307164955603,"[0.7327128744367695, -0.7698108433128681]"
aa-142-1,1.4.2,False,http,static,p50,2,1.03975000000014,1.0634044999999333,2.2750180331608583,2.2077046654750743,4.153899928558391,3.4587160375233763,5.359343504740753,"[0.26150940239175746, 4.153899928558391]"
aa-142-1,1.4.2,False,http,static,p95,2,1.6401084999999966,1.5856674999999996,-3.319353567157124,3.4379882532556807,6.608359957243415,4.333402332841254,0.7840546646859481,"[0.2676165492679461, -6.608359957243415]"
aa-142-1,1.4.2,False,http,static,p99,2,2.3792565000001105,2.3444765000001553,-1.4618011971367362,1.944182736001726,3.3276084763383618,4.031280360059155,2.061462334982536,"[0.5607569956650904, -3.3276084763383618]"
aa-142-1,1.4.2,False,http,param,rps,2,33241.66421645593,30958.792982351973,-6.8674998316535785,6.799305837075059,8.829323197375416,3.3592813496146086,1.1820322384089532,"[-4.769288476774703, -8.829323197375416]"
aa-142-1,1.4.2,False,http,param,p50,2,1.0002705000001697,1.084458999999697,8.41657331686909,8.74365724414985,15.30633395656007,4.984001827520197,1.0541661787346501,"[2.180980531739629, 15.30633395656007]"
aa-142-1,1.4.2,False,http,param,p95,2,1.520158999999694,1.69108899999992,11.244218532420636,11.187427081172451,12.578734807689806,4.081875645895959,5.330470483833623,"[12.578734807689806, 9.796119354655097]"
aa-142-1,1.4.2,False,http,param,p99,2,2.2423650000000634,2.4492725000000064,9.227199853723068,9.223051376455405,9.441622810391825,1.8979960889447303,2.0980311500766993,"[9.441622810391825, 9.004479942518984]"
aa-142-1,1.4.2,False,http,wildcard,rps,2,31486.55872347692,30225.0126289227,-4.006617889345865,4.006672710119663,4.010109137439555,1.5952839590506815,1.598862906575337,"[-4.003236282799771, -4.010109137439555]"
aa-142-1,1.4.2,False,http,wildcard,p50,2,1.0817090000000462,1.097387499999968,1.4494193909749375,3.7645315505518804,5.2174902747350815,0.09401789202015776,3.6167260881275585,"[-2.3115728263686797, 5.2174902747350815]"
aa-142-1,1.4.2,False,http,wildcard,p95,2,1.602839000000131,1.6627404999999271,3.7372125334978357,5.38644193453408,9.439668399411193,5.866840025754746,0.6923209003371278,"[9.439668399411193, -1.3332154696569676]"
aa-142-1,1.4.2,False,http,wildcard,p99,2,2.341615499999989,2.3924165000003086,2.169485126841697,4.15572963427392,6.449563711837714,2.9922290828677593,1.0716152476106875,"[6.449563711837714, -1.8618955567101247]"
aa-142-1,1.4.2,False,http,middleware,rps,2,32025.24673695099,30262.977677022303,-5.502749360227,6.914343239646421,12.30031982149561,1.6888484463461013,5.626042809848481,"[-12.30031982149561, 1.528366657797231]"
aa-142-1,1.4.2,False,http,middleware,p50,2,0.9620544999997946,1.0580640000002859,9.979632131081107,17.400697706136224,28.825383150614336,8.304571102843816,7.408058491747736,"[28.825383150614336, -5.976012261658115]"
aa-142-1,1.4.2,False,http,middleware,p95,2,1.6375834999994368,1.7615460000001804,7.569843003473475,7.444410782226596,11.24319083976999,3.301907963789914,6.829512257977044,"[11.24319083976999, 3.645630724683202]"
aa-142-1,1.4.2,False,http,middleware,p99,2,2.3360904999990453,2.5226294999993115,7.98509304328503,9.415850851801837,17.59114195373501,2.019977393883022,6.696048706349911,"[17.59114195373501, -1.2405597498686638]"
aa-142-1,1.4.2,False,http,json,rps,2,31879.224996910838,30142.16388810802,-5.448881235259451,10.13233006825891,15.801702791466576,2.1761182912796393,12.887289184834055,"[-15.801702791466576, 4.462957345051244]"
aa-142-1,1.4.2,False,http,json,p50,2,0.8243430000011358,0.9069620000009309,10.022405721851356,13.688930666887188,23.227856555259496,3.5319035887044996,15.958331220056083,"[23.227856555259496, -4.150004778514882]"
aa-142-1,1.4.2,False,http,json,p95,2,1.6650549999994837,1.7653779999991457,6.025206374545777,9.618962535555298,15.274391231324213,3.8442573968868463,12.90318560670994,"[15.274391231324213, -3.9635338397863817]"
aa-142-1,1.4.2,False,http,json,p99,2,2.333300500000405,2.6818130000001474,14.936460177318867,14.36329163286605,25.862394845180138,4.984462995679679,14.964354337919321,"[25.862394845180138, 2.8641884205519608]"
aa-142-1,1.4.2,False,http,di,rps,2,26974.701025103903,25701.36232637417,-4.720492351498939,4.822445231223233,9.606430866394355,1.3166201092570133,6.377109384317029,"[0.03845959605210947, -9.606430866394355]"
aa-142-1,1.4.2,False,http,di,p50,2,1.1634865000005448,1.1137634999995498,-4.273620708187986,4.4732384861992935,6.113735820646005,12.168125715280906,13.856487485803328,"[-6.113735820646005, -2.8327411517525825]"
aa-142-1,1.4.2,False,http,di,p95,2,1.9916154999991704,2.279810500000167,14.470413591434529,15.28416328193734,30.156082332969447,2.6269377799181073,10.715912572527559,"[-0.4122442309052343, 30.156082332969447]"
aa-142-1,1.4.2,False,http,di,p99,2,2.7407685000007405,3.0929869999999937,12.851085379854531,13.104085475769512,25.13052944880776,2.1036982875585433,8.548500203833996,"[1.0776415027312636, 25.13052944880776]"
aa-142-1,1.4.2,False,http,static-file,rps,2,15991.062399583176,15366.383255933002,-3.9064267779134965,10.237914188732972,13.767031891212545,3.6854096301096306,6.954228860700206,"[6.708796486253399, -13.767031891212545]"
aa-142-1,1.4.2,False,http,static-file,p50,2,1.9716339999995398,2.2462070000001404,13.926164795325334,22.451022529675857,38.91924694233975,11.32268970813445,8.131307577586725,"[-5.982798117011967, 38.91924694233975]"
aa-142-1,1.4.2,False,http,static-file,p95,2,3.1905744999994567,3.1967154999993,0.19247317371351436,9.22652952891891,9.739769298642088,3.4765682481616875,5.721106554529056,"[-8.71328975919573, 9.739769298642088]"
aa-142-1,1.4.2,False,http,static-file,p99,2,4.009686999999758,4.3442074999993565,8.34280830398031,14.97192943862838,24.011651448391834,4.654802232670666,9.134289740998387,"[-5.932207428864922, 24.011651448391834]"
aa-142-1,1.4.2,False,http,post-json,rps,2,10405.55828011657,9701.519082972498,-6.765991580570763,8.076980567249786,14.608500370287347,2.90296324945905,5.752863175392899,"[1.5454607642122253, -14.608500370287347]"
aa-142-1,1.4.2,False,http,post-json,p50,2,2.609977499998422,2.8219895000001998,8.12313516119989,10.019828291689342,18.580186844431523,4.363581678389905,4.885826116687742,"[-1.4594697389471611, 18.580186844431523]"
aa-142-1,1.4.2,False,http,post-json,p95,2,5.372991500000353,5.79094299999997,7.778748579810513,10.024135438343862,18.135592372000442,3.3190728107423246,5.971341800462369,"[-1.9126785046872818, 18.135592372000442]"
aa-142-1,1.4.2,False,http,post-json,p99,2,7.0180694999999105,7.6275040000000445,8.683791176478683,13.064108132715308,22.020616846393537,2.0875327609743453,9.927520195337545,"[-4.1075994190370775, 22.020616846393537]"
aa-142-1,1.4.2,False,http,async,rps,2,29146.756733777525,34430.81083147845,18.129132328391616,18.26369323001812,25.146256321006888,1.9550987015677321,3.868978862485197,"[25.146256321006888, 11.381130139029349]"
aa-142-1,1.4.2,False,http,async,p50,2,1.100102500000503,0.8418350000010832,-23.476676036942155,23.38476352063332,32.16461755327858,1.0468569974750057,10.425320876391007,"[-32.16461755327858, -14.60490948798806]"
aa-142-1,1.4.2,False,http,async,p95,2,1.796775499999967,1.4838104999998905,-17.41814711966422,17.29626459857976,21.13280582055912,3.176885481803145,1.4641694475599147,"[-13.459723376600397, -21.13280582055912]"
aa-142-1,1.4.2,False,http,async,p99,2,2.5149145000004864,2.2159254999996847,-11.888634782643459,11.866340736821378,16.674265883928097,0.4636936961362289,4.992834822246738,"[-16.674265883928097, -7.058415589714661]"
aa-142-1,1.4.2,False,http,query,rps,2,29568.86449307832,30104.47081691506,1.8113861760302719,6.083982831815577,7.862216830652247,0.5449091180899784,6.520470802379792,"[7.862216830652247, -4.305748832978907]"
aa-142-1,1.4.2,False,http,query,p50,2,1.1329100000002654,0.9720634999994218,-14.197641472032728,14.217113241585178,24.904982641318195,0.18218569879737892,12.638526186768805,"[-24.904982641318195, -3.529243841852159]"
aa-142-1,1.4.2,False,http,query,p95,2,1.7870730000013282,1.8304195000000618,2.425558441020681,10.996713659095892,13.230788184433129,1.741283092563364,12.474326240555952,"[-8.762639133758654, 13.230788184433129]"
aa-142-1,1.4.2,False,http,query,p99,2,2.5705479999996896,2.618948999999702,1.8829059017773098,6.284296518672305,8.089728918038652,1.2328110581791287,7.400029553914846,"[-4.478864119305959, 8.089728918038652]"
aa-142-1,1.4.2,False,http,metadata,rps,2,27272.900549257945,25504.85400846338,-6.48279612797793,6.4832729916400265,6.5262216149429175,1.1103118689962346,1.1562321134550178,"[-6.5262216149429175, -6.440324368337135]"
aa-142-1,1.4.2,False,http,metadata,p50,2,1.2000854999987496,1.2063675000008516,0.5234627034580885,9.131991285113312,10.324587219222625,7.327352926212545,1.7083102786568118,"[-7.939395351003997, 10.324587219222625]"
aa-142-1,1.4.2,False,http,metadata,p95,2,1.812461000001349,2.098291000000245,15.770270367124194,15.764030380935557,16.444478705841448,0.9170404217711284,1.504748388205522,"[15.083582056029666, 16.444478705841448]"
aa-142-1,1.4.2,False,http,metadata,p99,2,2.6986034999990807,2.906222500001604,7.693571879032768,7.675202489360489,9.506071698137397,1.0033152332362452,2.7032169766275764,"[9.506071698137397, 5.84433328058358]"
aa-142-1,1.4.2,False,http,class-warm,rps,2,26236.30515081851,26932.175532546007,2.6523185247591563,2.7048200600330863,4.912241987583776,2.3784096107164747,0.22923922889227352,"[4.912241987583776, 0.49739813248239617]"
aa-142-1,1.4.2,False,http,class-warm,p50,2,1.247323999999935,1.266830000000482,1.5638278426894692,3.591420406267376,5.395543137395231,6.690803672526222,3.1705122233060927,"[5.395543137395231, -1.7872976751395209]"
aa-142-1,1.4.2,False,http,class-warm,p95,2,1.9994150000002264,2.0079809999988356,0.428425314334846,5.280520069318079,6.0619589976660615,6.6852054225544615,1.4507109379522474,"[-4.499081140970096, 6.0619589976660615]"
aa-142-1,1.4.2,False,http,class-warm,p99,2,2.771168999999645,2.664129499999035,-3.862611771444613,6.158174076981132,9.60221332736605,6.797023205698063,0.42101932360868655,"[-9.60221332736605, 2.714134826596215]"
aa-142-1,1.4.2,False,http,factory-warm,rps,2,26283.722076488688,25047.5454318002,-4.703202389262328,4.706382521727215,8.859305858092792,0.07657575657669269,4.434456614356056,"[-8.859305858092792, -0.5534591853616377]"
aa-142-1,1.4.2,False,http,factory-warm,p50,2,1.195496500000445,1.2121074999977282,1.389464544419572,2.896135437487235,4.147620708820954,4.7642548514782685,7.614217385809695,"[4.147620708820954, -1.6446501661535162]"
aa-142-1,1.4.2,False,http,factory-warm,p95,2,1.9588504999992438,2.135375500000009,9.011662707329293,10.043764370259613,19.18634182263046,1.3034430141471438,7.908468557297692,"[19.18634182263046, -0.9011869178887633]"
aa-142-1,1.4.2,False,http,factory-warm,p99,2,2.706513499999346,3.016482499999256,11.452704743574515,11.300909190273368,19.625446229897392,1.8234714144296766,9.290108594969672,"[19.625446229897392, 2.9763721506493424]"
aa-142-1,1.4.2,False,http,middleware-20,rps,2,27981.00544146728,26773.10922603714,-4.3168435028430485,4.220411732653429,7.4282907409570225,3.0060912503248844,0.3434848910021627,"[-1.012532724349835, -7.4282907409570225]"
aa-142-1,1.4.2,False,http,middleware-20,p50,2,1.134642500001064,1.2715539999990142,12.06648790238527,15.170264801312678,28.997265114306714,11.60502096480496,1.749512800908773,"[-1.3432644883186406, 28.997265114306714]"
aa-142-1,1.4.2,False,http,middleware-20,p95,2,1.880106499998874,1.975446500000544,5.070989329685682,5.103609917217089,9.372581388731426,0.7641322447118749,3.2985707281253243,"[9.372581388731426, 0.8346384457027511]"
aa-142-1,1.4.2,False,http,middleware-20,p99,2,2.572778499999913,2.7461870000006456,6.740125510250428,7.101282984348312,12.827813085890494,6.3067419134079525,0.9631536381607909,"[1.3747528828061295, 12.827813085890494]"
aa-142-1,1.4.2,False,http,static-listeners,rps,2,27071.268596159316,29975.2061347481,10.727009442774227,10.733316267455894,11.130217080021687,1.5890178306480238,1.2306584764182578,"[10.336415454890101, 11.130217080021687]"
aa-142-1,1.4.2,False,http,static-listeners,p50,2,1.2128285000017058,1.0926290000006702,-9.91067574688973,9.857212758193807,13.434967407444077,1.4943167974677396,2.476137829076167,"[-6.279458108943537, -13.434967407444077]"
aa-142-1,1.4.2,False,http,static-listeners,p95,2,2.0393904999982624,1.7048594999978377,-16.403479372916063,16.34704731048402,21.4219899635138,1.1119743865154144,4.95803319859185,"[-21.4219899635138, -11.272104657454241]"
aa-142-1,1.4.2,False,http,static-listeners,p99,2,2.838514999999461,2.451170500000444,-13.646026179149684,13.612098057590345,14.784139605700041,2.8947882960341644,1.538673054311516,"[-12.440056509480646, -14.784139605700041]"
aa-142-1,1.4.2,False,http,middleware-listeners,rps,2,22177.019869574375,23335.24993272926,5.222658724962015,9.683878454667921,15.661537145270476,7.796462638134508,1.3508211133503618,"[-3.706219764065366, 15.661537145270476]"
aa-142-1,1.4.2,False,http,middleware-listeners,p50,2,1.40273900000102,1.4469869999975344,3.1544000698976893,14.731408078277259,20.118541074017095,15.156276399229649,1.2033971279360582,"[20.118541074017095, -9.344275082537424]"
aa-142-1,1.4.2,False,http,middleware-listeners,p95,2,2.696164499999213,2.524296999999933,-6.374518320352118,10.56241860405166,15.935654485969053,9.479670101795092,1.7005130538086302,"[5.189182722134267, -15.935654485969053]"
aa-142-1,1.4.2,False,http,middleware-listeners,p99,2,3.419597000000067,3.1257485000005545,-8.593073979170839,12.138267549679497,19.842452960036226,7.323026660732883,5.885134392675574,"[4.43408213932277, -19.842452960036226]"
aa-142-2,1.4.2,True,router,10/static-shallow,nsPerOp,5,294.06143,293.04049999999995,-0.3471825597801237,5.205513664201355,8.392097673261233,1.0640463796969333,2.3773437460010065,"[2.190873272893734, -5.205513664201355, 8.392097673261233, -5.725142420023099, -0.3471825597801237]"
aa-142-2,1.4.2,True,router,10/static-deep,nsPerOp,5,513.8082500000002,522.2181300000002,1.6367740300005096,4.8600957250563015,12.756448667416054,2.0299829751663667,0.3812142638556467,"[5.706735804420404, -4.7535418125341895, 1.3470954054594975, -4.8600957250563015, 12.756448667416054]"
aa-142-2,1.4.2,True,router,10/param,nsPerOp,5,633.93769,635.9340299999999,0.31491107588190737,12.781829676441546,20.163540271566994,3.1082502761430586,13.205358738232656,"[15.240437867440004, -20.163540271566994, 0.31491107588190737, 12.781829676441546, -11.010821640734815]"
aa-142-2,1.4.2,True,router,10/param-encoded,nsPerOp,5,639.1417700000002,590.9071899999998,-7.546773229983139,3.15931104105609,22.851640208165257,3.569654037788761,6.587460883662654,"[3.15931104105609, -22.851640208165257, -0.6285575200271287, -1.4564530808243492, -6.16735870599906]"
aa-142-2,1.4.2,True,router,10/wildcard,nsPerOp,5,636.0324299999996,641.8901799999998,0.9209829127738267,9.693720065677036,24.6165042328498,5.700781640961372,4.725582497616625,"[23.42613017288231, -9.033900113975923, -24.6165042328498, 9.693720065677036, -2.956297369931238]"
aa-142-2,1.4.2,True,router,10/miss,nsPerOp,5,298.9519899999999,305.45034999999984,2.1737135785582007,10.03813418015962,49.978091799957646,5.3992248052939384,15.663825561175447,"[8.005154681096016, -14.671524551271908, 10.03813418015962, 49.978091799957646, -6.731534548004625]"
aa-142-2,1.4.2,True,router,10/method-miss,nsPerOp,5,302.7801499999998,310.05979999999965,2.4042692362758356,6.603299376949878,22.623376190384636,1.5080678175235325,4.563813174104007,"[5.627780561740248, -7.23704405312684, 6.603299376949878, -22.623376190384636, -3.544786539011835]"
aa-142-2,1.4.2,True,router,10/registration,nsPerOp,5,10265.410000000089,11077.439999999684,7.910351364432477,19.32119613342007,85.69412287973444,15.53352472039316,25.23534318397941,"[85.69412287973444, -19.32119613342007, -38.698423941918804, 14.301756836185886, 6.536398476261507]"
aa-142-2,1.4.2,True,router,100/static-shallow,nsPerOp,5,316.0659000000004,320.7377500000001,1.4781252896942432,8.956282318240238,16.183298544333425,3.9795593260773225,5.265282929745609,"[2.3038779111664853, -8.956282318240238, 10.10211794439062, -16.183298544333425, -8.554515123265794]"
aa-142-2,1.4.2,True,router,100/static-deep,nsPerOp,5,530.9606399999996,536.1719900000003,0.9814945981684753,3.7170532606599638,10.307155647808008,1.5511526428776288,6.135988192893081,"[2.5725514407080263, -10.307155647808008, 4.1288992720817985, 3.7170532606599638, -0.3434596237384735]"
aa-142-2,1.4.2,True,router,100/param,nsPerOp,5,555.7793800000002,578.9078500000005,4.161448019176306,7.026865588284359,9.292945206350268,3.8732239400460906,10.741319192683338,"[8.358411972758972, -7.026865588284359, 9.292945206350268, -2.1678015383655436, -0.6113899567904424]"
aa-142-2,1.4.2,True,router,100/param-encoded,nsPerOp,5,604.7528799999998,657.7426300000002,8.762215402760942,4.857315628100379,18.689140667610094,4.977553806771399,5.634751087975002,"[18.689140667610094, -4.857315628100379, -5.79777205331804, 2.7642983515826947, 2.6337352870481556]"
aa-142-2,1.4.2,True,router,100/wildcard,nsPerOp,5,597.7093100000002,604.4573400000002,1.1289819126290679,10.059579801565954,19.311222043170574,4.387145985729959,12.803335302372153,"[1.1289819126290679, -18.79670000736181, 10.059579801565954, 19.311222043170574, -4.415291675799249]"
aa-142-2,1.4.2,True,router,100/miss,nsPerOp,5,267.43329000000017,301.4140199999997,12.706245359356538,11.517335726848078,16.168070940968615,1.032979102938145,3.630604176939256,"[11.483582162024565, -11.517335726848078, 16.168070940968615, 12.706245359356538, -1.3194942832552625]"
aa-142-2,1.4.2,True,router,100/method-miss,nsPerOp,5,297.9067400000008,311.8443400000001,4.678511134054664,4.678511134054664,31.198371519156552,6.025513219338636,11.934351606317566,"[1.6190370071778482, -31.198371519156552, 20.36331439864243, 4.678511134054664, -1.903364714061051]"
aa-142-2,1.4.2,True,router,100/registration,nsPerOp,5,88078.08000000022,74816.8700000008,-15.056197864439591,27.272861175570885,39.30563257151343,13.350790571275349,10.906042982017562,"[6.627335654909405, -27.272861175570885, -29.71976816134625, 39.30563257151343, -6.01422657729408]"
aa-142-2,1.4.2,True,router,1000/static-shallow,nsPerOp,5,324.7239300000001,328.15934000000084,1.0579479005445425,7.1410074876582685,15.503122914285882,5.905354742411399,12.374835956216021,"[-5.3816868793002515, -10.294585180773662, 7.1410074876582685, 15.503122914285882, 6.156280016781612]"
aa-142-2,1.4.2,True,router,1000/static-deep,nsPerOp,5,537.7161999999998,536.9042599999989,-0.1509978683924662,3.3090533489467333,18.08121503204001,1.6509061843404778,4.0350117542370025,"[-0.4722704444854231, -3.3090533489467333, -1.772639438614787, 18.08121503204001, -4.179916840891185]"
aa-142-2,1.4.2,True,router,1000/param,nsPerOp,5,552.6059399999997,564.3127300000003,2.118469808703227,4.69404149194268,10.042741565491175,1.9944193868059175,2.2555861888848985,"[2.118469808703227, 2.2041831585609684, -10.042741565491175, 6.504093255112431, 4.69404149194268]"
aa-142-2,1.4.2,True,router,1000/param-encoded,nsPerOp,5,610.2684199999999,628.7933800000019,3.035542950100867,5.440176387366613,8.123875689217975,2.5706131082452233,5.3322333005474825,"[0.4532778227278378, -5.440176387366613, 8.123875689217975, 8.089596050210158, 0.6488367935544526]"
aa-142-2,1.4.2,True,router,1000/wildcard,nsPerOp,5,577.9112699999996,570.1843699999995,-1.3370391617384625,6.554658897224719,15.78850479979721,2.1962852532708648,0.9458221381972357,"[-7.256313996082686, -6.554658897224719, -0.4038630359293194, 15.78850479979721, 2.102224605587666]"
aa-142-2,1.4.2,True,router,1000/miss,nsPerOp,5,279.43346999999903,259.41342000000077,-7.164513971786679,15.783531093807547,26.53502303599953,6.520002775615208,3.451829901475753,"[-5.3297695512277805, -26.53502303599953, -0.689464286808239, 15.783531093807547, -18.505124460813427]"
aa-142-2,1.4.2,True,router,1000/method-miss,nsPerOp,5,286.6318100000012,286.72571999999946,0.03276328611196977,10.617727142375777,26.06598330000911,3.2391240874491323,3.1551825905255138,"[-13.919730640799122, -10.617727142375777, 2.444513425422823, 26.06598330000911, -4.515350197872481]"
aa-142-2,1.4.2,True,router,1000/registration,nsPerOp,5,612816.6900000019,659500.5200000014,7.617910993905763,7.852349778528178,29.30945801467909,5.724759226123772,1.1040961726605982,"[7.852349778528178, -29.30945801467909, 5.051186807480357, 27.909958478595232, 2.8384097807159225]"
aa-142-2,1.4.2,True,request,constructor-supplied-url,nsPerOp,5,819.1244499999925,832.7659499999982,1.6653757557848259,10.725911179600622,32.145696018254434,7.326731609585484,7.120776251718473,"[1.6653757557848259, 4.735282143798303, -24.425828067161937, 32.145696018254434, 10.725911179600622]"
aa-142-2,1.4.2,True,request,constructor-parse-url,nsPerOp,5,1014.6041500000024,1151.7246999999998,13.51468452006599,13.383164709131346,31.018339899915027,10.771250048603072,4.31837139552552,"[18.305020731483722, -13.280628537300487, -13.383164709131346, 31.018339899915027, 8.057273980673262]"
aa-142-2,1.4.2,True,request,metadata,nsPerOp,5,3210.23735,3226.9130500000074,0.5194538030033113,3.6321386856618565,46.483547263794755,7.021792329467325,3.443275299903578,"[1.8701273607937496, 0.5194538030033113, -16.846782897935064, 46.483547263794755, 3.6321386856618565]"
aa-142-2,1.4.2,True,request,body-json,nsPerOp,5,26709.624662466256,27401.09810981094,2.5888549767469238,8.457270741693934,41.9351648518776,11.816249563498591,8.024631257099143,"[8.457270741693934, 2.5888549767469238, -31.435293716949108, 6.9998465555467515, 41.9351648518776]"
aa-142-2,1.4.2,True,request,body-shared,nsPerOp,5,28636.584158415844,30684.864986498644,7.152671620161932,14.545382847262056,37.319111918874846,14.839249757990933,8.877900940383304,"[1.4643935810546793, 7.152671620161932, -36.30790195856862, 14.545382847262056, 37.319111918874846]"
aa-142-2,1.4.2,True,di,value,nsPerOp,5,55.56509999999889,56.51773000000048,1.7144394593037848,26.148332405850063,45.21692573215965,5.574254343102794,1.9192561343120507,"[-26.148332405850063, 7.123212426071146, -8.84045955802436, 33.801641903837606, 45.21692573215965]"
aa-142-2,1.4.2,True,di,singleton-class-warm,nsPerOp,5,177.64773000000105,188.2752100000016,5.982333689262731,14.581255334495824,31.498949866346226,7.9158174438826965,3.3123797870132576,"[-14.581255334495824, 18.905188761885828, -13.082514036168181, 31.498949866346226, 5.982333689262731]"
aa-142-2,1.4.2,True,di,singleton-factory-warm,nsPerOp,5,190.76786999999968,215.3393600000004,12.880308408329322,5.865239141735601,23.256930093383765,3.5655637398485442,7.588296909584835,"[-1.992872138048074, 5.865239141735601, 5.182755139422435, 23.256930093383765, 21.44600136280841]"
aa-142-2,1.4.2,True,di,request-warm,nsPerOp,5,134.86762,140.6131100000016,4.26009593703931,4.6737364638190115,21.68710274185255,7.3809562295225986,3.499574115103448,"[4.6737364638190115, 0.6114366072446531, -0.5488153303700116, 21.68710274185255, 6.073270137398845]"
aa-142-2,1.4.2,True,di,session-warm,nsPerOp,5,132.88553000000093,140.86532999999918,6.005018003087459,17.48239759271264,26.352107823838743,6.257664021054453,5.847499878074304,"[17.48239759271264, -8.64087801813488, -0.23776733687362883, 24.891303063620484, 26.352107823838743]"
aa-142-2,1.4.2,True,di,class-cold-bind-resolve,nsPerOp,5,983.9939000000072,1066.7797999999948,8.413253374841755,17.16221486540497,20.482093435740435,7.608040049842864,5.895415342509352,"[-0.8045740111348176, 20.482093435740435, -17.16221486540497, 10.422856985722252, 17.738777434875928]"
aa-142-2,1.4.2,True,di,factory-cold-bind-resolve,nsPerOp,5,401.5908500000023,491.802599999994,22.46359696691076,35.4814718007201,35.58880422046043,8.162549022221956,7.894356394210341,"[-35.58880422046043, 35.57670698921478, -23.821784190332483, 35.4814718007201, 20.06378654223586]"
aa-142-2,1.4.2,True,di,transient-class,nsPerOp,5,607.073449999998,617.7779400000009,1.7632940462151359,1.132061880321178,27.14343010530238,2.009676094383788,2.487320929588555,"[27.14343010530238, -1.132061880321178, -0.7678856652351129, 2.359061328537515, -0.24152811537279106]"
aa-142-2,1.4.2,True,di,transient-chain-3,nsPerOp,5,1323.6065400000007,1314.0756399999987,-0.7200704825772508,5.934274923966775,14.263947753614858,3.4204885388371347,3.112519458925637,"[-2.3562059313659955, -5.934274923966775, -7.677919420080914, 14.263947753614858, -3.8101776076146843]"
aa-142-2,1.4.2,True,dispatch,static,nsPerOp,5,6906.146414641468,6834.457545754558,-1.0380444401660194,13.79290302291858,38.843394616331615,3.5920206744344534,7.484667952368852,"[13.79290302291858, -6.504048521027961, -32.587602687079, 38.843394616331615, -7.194793716585702]"
aa-142-2,1.4.2,True,dispatch,middleware,nsPerOp,5,8086.370237023731,8060.636963696322,-0.3182302142138882,2.0430013413603842,35.107528804960154,2.28795610189833,2.3931047982655875,"[0.6183689207177601, -0.45134279920776565, -32.246289668875704, 35.107528804960154, -2.0430013413603842]"
aa-142-2,1.4.2,True,dispatch,async,nsPerOp,5,6799.910291029057,6678.242424242404,-1.7892569398623714,12.904112102219202,50.681781907660465,7.43811987071499,7.630620854464368,"[6.102796229897911, 12.904112102219202, -28.65892602389519, 50.681781907660465, -5.529320737985799]"
aa-142-2,1.4.2,True,dispatch,query,nsPerOp,5,7870.748274827517,7480.337233723337,-4.960278584347632,8.65613670369827,70.93651150338327,4.9524678723958395,3.8887510025276213,"[-1.6099090435515717, -2.853649217568166, -17.316330691644566, 70.93651150338327, -8.65613670369827]"
aa-142-2,1.4.2,True,dispatch,metadata,nsPerOp,5,7892.181818181836,7586.1878187818775,-3.8771787884437248,3.9198467219254574,73.10809720769069,4.730446436031638,2.7242057707153884,"[2.8807103452771043, -3.8771787884437248, -25.52504019205465, 73.10809720769069, -3.9198467219254574]"
aa-142-2,1.4.2,True,dispatch,class-warm,nsPerOp,5,12740.241224122301,15017.143714371508,17.871737671168518,27.998727665996448,68.04216279008996,0.1282262505566035,20.796421491669705,"[-6.625605858784123, 17.7207887176702, -27.998727665996448, 68.04216279008996, 37.358635970921306]"
aa-142-2,1.4.2,True,dispatch,factory-warm,nsPerOp,5,12644.414941494104,11561.131113111298,-8.567291040314451,29.062059902691583,68.49092051253545,4.367623402093756,1.7365599839095518,"[-5.164248820148732, -10.155074876312831, -29.062059902691583, 68.49092051253545, 34.374221818715526]"
aa-142-2,1.4.2,True,dispatch,middleware-20,nsPerOp,5,10196.589858985963,10305.843084308366,1.071468273543652,11.038394346843006,33.54955566879263,2.3839382715460773,4.261798067649362,"[-1.9278321520148411, -12.981602443451445, -11.038394346843006, 33.54955566879263, 3.539793025764437]"
aa-142-2,1.4.2,True,dispatch,static-listeners,nsPerOp,5,8953.239423942423,9764.313531353126,9.05900165298561,17.37082971861974,80.29786947983251,2.405279528965969,7.5973521389530445,"[0.7734052581816586, -8.488561928418214, -26.158715464669267, 80.29786947983251, 17.37082971861974]"
aa-142-2,1.4.2,True,dispatch,middleware-listeners,nsPerOp,5,15461.921692169317,16424.622262226207,6.22626727274429,3.283806595644667,21.95142931683549,4.363060263315608,7.01406269768337,"[3.283806595644667, 3.4593567224025623, -0.965069837260113, 21.95142931683549, 2.772147518617052]"
aa-142-2,1.4.2,True,http,static,rps,5,30574.59341091113,30951.562843539697,1.232949944950179,5.449164701799425,9.310798064292669,1.7063202956040258,2.3026455549000038,"[-5.449164701799425, 6.920941490987698, 9.310798064292669, -1.6545378286264234, 2.175118724655678]"
aa-142-2,1.4.2,True,http,static,p50,5,1.042891999999938,1.009747999999945,-3.1780855544001563,4.197726859902429,16.495615425469634,3.431515439782552,2.899337260361582,"[4.197726859902429, -3.1780855544001563, -12.536518629664616, -16.495615425469634, 3.1693815441315776]"
aa-142-2,1.4.2,True,http,static,p95,5,1.686373999999887,1.6687419999998383,-1.045556916796031,5.772772691109496,15.157511975113191,6.527852066025842,2.397974042717634,"[4.800449155947861, -8.226407665198243, -3.904698341360513, 15.157511975113191, -5.772772691109496]"
aa-142-2,1.4.2,True,http,static,p99,5,2.3859870000001138,2.383802000000287,-0.09157635812041542,12.522022685234202,15.443621287121644,4.549312297172105,2.1143534572016884,"[4.029057316751672, 3.4924285634600594, -15.443621287121644, 13.647978802907224, -12.522022685234202]"
aa-142-2,1.4.2,True,http,param,rps,5,29680.611000148747,31061.749760141916,4.653336684970033,7.884247845728942,26.707092188302095,6.9828581972183805,5.891142763348107,"[0.21849852303787998, -8.013858355458204, 26.707092188302095, -7.884247845728942, -2.177471747814008]"
aa-142-2,1.4.2,True,http,param,p50,5,1.127770000000055,1.0772450000004028,-4.480080158157229,9.665701297238115,29.345894063312695,10.282947764177145,4.973798903662902,"[-2.081721806240555, 0.2708885677160433, -29.345894063312695, 9.665701297238115, 16.63642460717454]"
aa-142-2,1.4.2,True,http,param,p95,5,1.8050069999999323,1.758281000000352,-2.588688021685348,5.20629559887289,17.71143815688161,5.8573734062959755,8.002133902368062,"[2.3952453240221327, 5.20629559887289, -17.71143815688161, 6.508830169486846, 3.4720567110555045]"
aa-142-2,1.4.2,True,http,param,p99,5,2.5593369999996867,2.547739999999976,-0.45312516482636234,8.436201468502036,21.99306170689991,7.930335082878506,5.677855668189669,"[5.37600722388214, 5.199002710508216, -21.99306170689991, 11.880095615955666, 8.436201468502036]"
aa-142-2,1.4.2,True,http,wildcard,rps,5,29912.276926776583,31140.00855770755,4.104440574471746,5.436576442237717,13.514092093856899,4.887116269727041,3.230149073670626,"[-2.3369080297570677, 5.436576442237717, 13.514092093856899, -8.94862149441391, -0.7462076593302225]"
aa-142-2,1.4.2,True,http,wildcard,p50,5,1.1258170000000973,1.07412099999965,-4.591865285427643,7.315456042554036,12.679187394524272,0.29809462810184334,5.798694932879507,"[1.242359422623518, -4.591865285427643, -9.752071836069442, 12.679187394524272, 7.315456042554036]"
aa-142-2,1.4.2,True,http,wildcard,p95,5,1.726662000000033,1.7017939999996088,-1.4402355527847188,3.639283326700826,11.378835204045068,6.2654995592483065,3.7324141464798624,"[6.124622993522655, -3.639283326700826, -11.378835204045068, 1.6749937232333645, -3.5632914837705365]"
aa-142-2,1.4.2,True,http,wildcard,p99,5,2.45842999999968,2.4273229999998875,-1.2653197365715796,5.503248751069978,17.964327572242045,4.762307651603884,4.188523735806029,"[5.503248751069978, -8.219839491045555, -17.964327572242045, 2.2861978952295248, 3.671852843976642]"
aa-142-2,1.4.2,True,http,middleware,rps,5,29601.469813087213,30704.97636244547,3.727877555831305,2.3249762267006258,4.800194989051021,1.8115636301703544,4.440093947783252,"[4.800194989051021, 3.9162622782177747, -0.8777376576891815, -0.9056977388205878, 2.3249762267006258]"
aa-142-2,1.4.2,True,http,middleware,p50,5,1.0787180000006629,1.063270000000557,-1.4320702908541705,12.156082609704445,19.08710154084362,2.5159494882006475,9.09383317501903,"[-19.08710154084362, -2.361786052156767, 16.834896963018096, 12.156082609704445, -0.29789595509105427]"
aa-142-2,1.4.2,True,http,middleware,p95,5,1.7587000000003172,1.7339350000002014,-1.408142377899091,6.115937908722069,7.044553395942299,2.5001990106355834,7.6315432816579065,"[-0.6224158102878352, -3.645439713312204, 6.115937908722069, -6.598429999844901, -7.044553395942299]"
aa-142-2,1.4.2,True,http,middleware,p99,5,2.5586660000008123,2.3695349999998143,-7.391781498676964,5.266618634314679,20.298533564342204,6.62388135069323,4.48024612422733,"[-8.819592128781661, -20.298533564342204, 3.640373538390418, -5.266618634314679, -0.822373171097146]"
aa-142-2,1.4.2,True,http,json,rps,5,29418.077203491823,29925.592221027728,1.7251807928346352,3.9047240627142044,8.610281131569486,1.2549926712695225,0.8606980011888594,"[-5.913237618292133, 0.9659059783270418, 3.9047240627142044, 3.1722081169461624, -8.610281131569486]"
aa-142-2,1.4.2,True,http,json,p50,5,0.9190590000016527,0.9630329999999958,4.78467650044927,11.477882775920056,18.08720005608255,6.20939460884997,5.052786353155297,"[11.477882775920056, -4.098757533679387, -6.052696011868097, -14.244369568920856, 18.08720005608255]"
aa-142-2,1.4.2,True,http,json,p95,5,1.8687269999991258,1.8245929999993677,-2.361714685974925,6.27123292689975,10.898970261559738,6.045398819670399,4.634403398502463,"[9.253660621839188, -10.898970261559738, -3.858530388329051, -0.49492884635277123, 6.27123292689975]"
aa-142-2,1.4.2,True,http,json,p99,5,2.613820000000487,2.5128640000002633,-3.8623929727450657,6.05267386430719,8.098258160193627,2.463444307617024,3.4157439479086342,"[3.8551362462019734, -6.05267386430719, -7.6069672669149995, -2.347141503208272, 8.098258160193627]"
aa-142-2,1.4.2,True,http,di,rps,5,25595.352239760185,23762.220385669,-7.161971583432914,10.90411835912617,14.377857382158432,6.947037584003198,6.76786394608046,"[-14.377857382158432, -13.445123036889694, 10.90411835912617, 3.335173720413054, 1.4033096483118346]"
aa-142-2,1.4.2,True,http,di,p50,5,1.1980509999993956,1.410690999999133,17.748827053259397,15.349346563671851,48.008718519872986,14.851704977522765,2.4635444615391338,"[48.008718519872986, 14.133522839432477, -15.349346563671851, -7.755891249840019, 20.838430773067707]"
aa-142-2,1.4.2,True,http,di,p95,5,2.127231999998912,2.3405490000004647,10.02791420971767,15.346343066573521,21.613723609901193,4.706867892229608,10.203888062202097,"[16.125157526026946, 21.613723609901193, -15.346343066573521, 0.912115392686208, -13.101673912308287]"
aa-142-2,1.4.2,True,http,di,p99,5,2.876772000001438,3.0336460000016814,5.453125934212544,12.50377873641938,19.34637155803709,8.895004539807005,13.174806816529944,"[14.092994008113969, 19.34637155803709, -12.50377873641938, 10.357077228585364, -1.296833229481642]"
aa-142-2,1.4.2,True,http,static-file,rps,5,15958.27566421454,16324.471482901998,2.2947079395841508,4.63480424629068,12.319810483737836,7.754499734334744,2.2876025102770754,"[-12.319810483737836, 4.63480424629068, -4.253902938496045, 4.606325233337394, 11.296615392050802]"
aa-142-2,1.4.2,True,http,static-file,p50,5,2.190787999999884,2.0824959999990824,-4.943061583357555,3.5744183488701675,11.183141018761377,3.5725045051654916,4.435590752580614,"[2.9871899973666016, -2.1568293960064877, -5.793880489809244, -3.5744183488701675, -11.183141018761377]"
aa-142-2,1.4.2,True,http,static-file,p95,5,3.3224860000009357,3.234784000000218,-2.6396499488844483,10.760888082017338,18.69184322126842,7.908566055709488,5.449235559476552,"[18.69184322126842, -10.760888082017338, 17.074706986004617, -5.967818411348769, -4.200787234845449]"
aa-142-2,1.4.2,True,http,static-file,p99,5,4.153490999999121,4.160087000000203,0.15880617054624402,6.2218504867280195,36.928540690017186,9.140262973948406,6.370539846900287,"[36.928540690017186, -6.2218504867280195, 7.757327992030683, -4.9593233157087635, -1.9883924642081552]"
aa-142-2,1.4.2,True,http,post-json,rps,5,9246.76654338438,9926.71548177967,7.353369799108456,10.789281200324652,20.899059379877027,9.707065024652644,3.200562225150332,"[-20.899059379877027, -3.7116285917486502, 14.27643098186362, -2.9836819917593127, 10.789281200324652]"
aa-142-2,1.4.2,True,http,post-json,p50,5,3.0280279999988124,2.750930000000153,-9.151104283010858,9.706991567829649,25.625265036458945,9.560413576096241,3.1684921099461323,"[25.625265036458945, 0.08008492108217968, -9.706991567829649, 2.662109045348604, -12.029644375776849]"
aa-142-2,1.4.2,True,http,post-json,p95,5,5.988580000001093,5.628230000000258,-6.01728623481309,9.953728596789357,29.768723969853127,7.99454962615006,4.1884748846594855,"[29.768723969853127, 2.1490720205190827, -11.994611319701786, 5.878159113215609, -9.953728596789357]"
aa-142-2,1.4.2,True,http,post-json,p99,5,7.979726999999912,7.577134999999544,-5.045185129771634,16.902783766916272,41.79985514371574,13.921491299144567,12.487622300512125,"[41.79985514371574, 10.311872618774487, -27.278923841739033, 3.4989985852644345, -16.902783766916272]"
aa-142-2,1.4.2,True,http,async,rps,5,31088.234130560693,30507.9863069207,-1.8664547532778464,6.090451155157228,10.007800782705367,1.950249732196713,6.50773737883236,"[-10.007800782705367, 6.090451155157228, 3.0784889183245623, -4.809527119305079, 8.780654411694888]"
aa-142-2,1.4.2,True,http,async,p50,5,1.0845010000011825,1.068782000000283,-1.4494223611488,2.5073240469431823,5.746710200803085,2.4463785650093937,1.8655815685321684,"[2.5073240469431823, -0.8626898682717155, 5.746710200803085, 1.5891909387507175, -3.2649116968554437]"
aa-142-2,1.4.2,True,http,async,p95,5,1.7182950000005803,1.6710280000006605,-2.750808213950684,12.489063141045742,17.78395303482486,12.365629883181386,6.797731695786826,"[16.705283576921936, -12.489063141045742, -9.361547347887477, 8.821655887485402, -17.78395303482486]"
aa-142-2,1.4.2,True,http,async,p99,5,2.529993000000104,2.3772810000009486,-6.036064131369113,10.455009164104801,26.35224117388688,9.509512476960927,7.792095255067862,"[26.35224117388688, -4.6773746065160715, -10.455009164104801, 10.168036540715253, -16.658831349214054]"
aa-142-2,1.4.2,True,http,query,rps,5,26141.447855168743,27343.23958758182,4.597265381287796,6.370271844878306,22.052307792985726,6.012801436807018,2.8754510452756477,"[-8.95608226582989, 22.052307792985726, 6.370271844878306, -2.560420660483187, -1.335250117282294]"
aa-142-2,1.4.2,True,http,query,p50,5,1.2599760000011884,1.1764409999996133,-6.6298881884652054,9.735061996622152,11.006907999710968,5.39605516288814,3.4540618697593786,"[7.749269118104296, -9.854949618299125, -11.006907999710968, -1.7803933085917434, 9.735061996622152]"
aa-142-2,1.4.2,True,http,query,p95,5,1.9607109999997192,1.9588270000022021,-0.09608759258846744,3.763868269272219,21.593349419567065,1.1054153314600583,6.379940648033566,"[7.465664657244453, -21.593349419567065, 0.5902431685864906, 3.763868269272219, -1.513583593006329]"
aa-142-2,1.4.2,True,http,query,p99,5,3.05673900000329,2.7997509999986505,-8.407260155491292,8.407260155491292,23.178402356113438,7.527662649546726,9.472020904694721,"[20.340414504662753, -23.178402356113438, -8.407260155491292, 3.0343582089788157, -3.6165783451633904]"
aa-142-2,1.4.2,True,http,metadata,rps,5,25434.977579335507,26494.66462591647,4.166259015859719,2.807810171256464,7.147765825499963,1.9143051565276838,1.8283909243153205,"[0.03308238093890914, 2.807810171256464, 7.147765825499963, -0.04781082780618284, 6.1992364759111185]"
aa-142-2,1.4.2,True,http,metadata,p50,5,1.307316999998875,1.305623000000196,-0.12957836536053868,1.8560856417933924,22.391973809440692,3.926744622777218,3.8989049672110094,"[-1.0352228155453558, 11.977563393092638, -22.391973809440692, -1.8560856417933924, -0.12957836536053868]"
aa-142-2,1.4.2,True,http,metadata,p95,5,2.1886369999992894,1.9005870000000868,-13.16115920544595,3.046461600201944,26.203561032618072,10.432520331063104,2.3847369261410236,"[1.1497775967257873, -26.203561032618072, -3.046461600201944, 0.4436337167049498, -15.2320371081065]"
aa-142-2,1.4.2,True,http,metadata,p99,5,3.030129000002489,2.868236000002071,-5.342775835625657,4.823201592088844,12.284624691782431,7.739637487324859,0.26068287265040946,"[1.8274768041251166, -5.342775835625657, -0.12135285850809474, 4.823201592088844, -12.284624691782431]"
aa-142-2,1.4.2,True,http,class-warm,rps,5,25999.580071172157,25911.573909762927,-0.338490703189509,1.9746494980920848,12.474549018496095,3.1832446317485084,3.463853021113761,"[-1.9746494980920848, 8.096596538202473, -0.9693183550207096, 12.474549018496095, 1.1214626710793985]"
aa-142-2,1.4.2,True,http,class-warm,p50,5,1.2876500000020314,1.2397200000013981,-3.722284782398766,12.203329390606598,19.70749993125349,14.193530851089537,5.869470525366997,"[12.203329390606598, 19.70749993125349, -11.350522379523586, -10.129541217296712, -12.862190812682117]"
aa-142-2,1.4.2,True,http,class-warm,p95,5,2.057007999999769,2.069793999999092,0.6215824148143811,9.45396787978222,13.671295854252385,4.7658540948185255,7.389527653432251,"[11.238799265724753, -13.671295854252385, 5.657042921345479, -9.45396787978222, -0.1468223762235099]"
aa-142-2,1.4.2,True,http,class-warm,p99,5,2.862915999998222,2.889224999998987,0.918958153183036,13.22518070559433,16.404964455174685,4.0968718606621,8.220578182711336,"[0.918958153183036, -16.404964455174685, 13.22518070559433, -13.437355208311374, -5.258641079497739]"
aa-142-2,1.4.2,True,http,factory-warm,rps,5,23820.913625739984,25137.072178919854,5.525222809916408,6.930475315803086,10.446645854641258,6.261633645694314,5.27019299583226,"[-6.930475315803086, 4.540653009038498, 9.701275720260071, 10.446645854641258, -6.420386314747706]"
aa-142-2,1.4.2,True,http,factory-warm,p50,5,1.3246480000016163,1.3081789999996545,-1.243273684929258,2.193194029818213,8.809418991142937,5.163484941130628,4.002357475608169,"[8.809418991142937, 2.193194029818213, -1.243273684929258, -3.1796175570957708, -0.41149554746973127]"
aa-142-2,1.4.2,True,http,factory-warm,p95,5,2.3998909999972966,2.2052680000015243,-8.10965998022375,10.426389350697862,16.616190864903224,7.30153994481245,5.663030525133445,"[3.770415906024116, -13.31343798519259, -9.515782622321634, -16.616190864903224, 10.426389350697862]"
aa-142-2,1.4.2,True,http,factory-warm,p99,5,3.09206500000073,3.121051999998599,0.9374641218041102,8.107094062743448,18.455841301338527,11.371268068440667,10.932820087646158,"[2.342906060733063, -12.506011354891466, -8.107094062743448, -6.625680452150662, 18.455841301338527]"
aa-142-2,1.4.2,True,http,middleware-20,rps,5,26234.35562996169,27765.872514039278,5.837829240709369,6.198450331164384,9.18157049731061,10.949865729806838,3.159306346879532,"[2.5848667218938415, 2.6234282939820996, 9.18157049731061, 7.894876555175889, -6.198450331164384]"
aa-142-2,1.4.2,True,http,middleware-20,p50,5,1.2371249999996508,1.1675350000004983,-5.625138930922269,4.123292490635344,17.65300012679033,9.475113670791798,3.070314808479287,"[1.5921810582058438, -3.746478710629786, -12.810831565145886, -17.65300012679033, 4.123292490635344]"
aa-142-2,1.4.2,True,http,middleware-20,p95,5,2.1401350000014645,1.9068289999995613,-10.901461823751468,4.562233503961755,13.483682104340156,7.456071696567368,2.8981623418789604,"[-3.1808177828962614, -4.562233503961755, -13.483682104340156, 4.100481911104348, 11.562726166041415]"
aa-142-2,1.4.2,True,http,middleware-20,p99,5,3.1022379999994882,2.7426010000017413,-11.5928242771124,5.822092207440077,16.261372382767547,6.127479580862189,9.455330906739189,"[1.1205234568948397, -5.822092207440077, -16.261372382767547, 2.7967551168753157, 5.903126797949221]"
aa-142-2,1.4.2,True,http,static-listeners,rps,5,25249.744037549877,25211.921734334486,-0.14979281833171765,0.41907073707770914,5.438831371285691,5.842892626193243,6.911738977319073,"[5.438831371285691, -0.14979281833171765, -0.2073186990751763, -2.8938625571467536, -0.41907073707770914]"
aa-142-2,1.4.2,True,http,static-listeners,p50,5,1.1854180000009364,1.2786119999982475,7.86169941718764,5.527645656074531,15.290724453376004,6.517785287788563,6.887546808857863,"[15.290724453376004, 5.527645656074531, 14.086102574798609, -0.2809865752103735, 1.1454173830017789]"
aa-142-2,1.4.2,True,http,static-listeners,p95,5,2.0139090000011493,1.9638029999987339,-2.487997223429006,8.308755629144848,17.239683422821116,6.036816956360067,11.742216505644992,"[-17.239683422821116, 2.758717574887548, -8.308755629144848, 11.26197856996669, -4.7591975195344975]"
aa-142-2,1.4.2,True,http,static-listeners,p99,5,3.0853559999995923,2.8829139999979816,-6.561382219803402,3.881127244038163,17.66375134920205,13.484181404092968,13.713451042873007,"[-17.66375134920205, -3.1320611307894763, -3.881127244038163, 6.772022418184642, -1.8280867006178703]"
aa-142-2,1.4.2,True,http,middleware-listeners,rps,5,22271.30872926852,22231.55239121514,-0.17850921352067228,6.466939347363243,19.419119528184027,4.743621948682206,9.760402920799589,"[19.419119528184027, 2.3640981027363894, -4.699218024572815, -6.466939347363243, 6.550248935892444]"
aa-142-2,1.4.2,True,http,middleware-listeners,p50,5,1.4996360000004643,1.5126219999983732,0.8659434688087497,12.03091094110561,26.48113137319683,2.09504173003693,4.540989090430877,"[-22.544512714541852, -3.3153442916564524, 26.48113137319683, 5.446254957687535, -12.03091094110561]"
aa-142-2,1.4.2,True,http,middleware-listeners,p95,5,2.6333290000002307,2.5693179999980202,-2.430801468491206,6.199605138583331,17.684403649682643,7.565898526163148,8.45150347287548,"[-17.684403649682643, -1.7904701289713554, 5.555414047190599, 6.199605138583331, -9.329406617431646]"
aa-142-2,1.4.2,True,http,middleware-listeners,p99,5,3.294977999998082,3.2694900000024063,-0.7735408247244835,7.244582360853125,24.36941228129408,9.37432662669427,11.464846199278945,"[-24.36941228129408, 3.1687327979309954, 9.490451747090889, 4.079875495444929, -7.244582360853125]"
aa-142-3,1.4.2,False,router,10/static-shallow,nsPerOp,5,281.87080999999995,293.27064,4.044345705750829,11.567204475324122,18.71725485515765,1.064565713633114,2.9942274480663937,"[-11.567204475324122, -17.852747104562884, 9.314017196034374, 18.71725485515765, 4.044345705750829]"
aa-142-3,1.4.2,False,router,10/static-deep,nsPerOp,5,506.73074,494.1058699999999,-2.491435589638813,3.493537619136744,16.802684776054512,0.7532639523704358,1.773229287885188,"[-2.6797853752905, -2.65621074268253, -3.493537619136744, 15.740604171754002, -16.802684776054512]"
aa-142-3,1.4.2,False,router,10/param,nsPerOp,5,613.2825,574.57368,-6.311743772242007,10.84889916147942,18.74341086543292,2.945133767880206,3.9825632110402407,"[-18.74341086543292, -10.84889916147942, -5.367600499689152, 18.160764169922604, -5.81478394346191]"
aa-142-3,1.4.2,False,router,10/param-encoded,nsPerOp,5,645.9897000000001,566.01291,-12.380505447687485,12.380505447687485,15.469011688415414,1.7373729023853217,2.6243111663300844,"[-12.333704327285721, -15.469011688415414, -12.380505447687485, 15.108100189287764, -11.616645715821694]"
aa-142-3,1.4.2,False,router,10/wildcard,nsPerOp,5,651.2070699999998,660.5372699999998,1.4327547150248199,14.880625993135865,26.16473042265618,3.113938858188414,8.776046808077886,"[25.979929782260157, 1.4327547150248199, -26.16473042265618, 14.880625993135865, -0.6159568566674212]"
aa-142-3,1.4.2,False,router,10/miss,nsPerOp,5,290.04070000000013,269.23325000000034,-7.173975928205866,13.018253553886128,39.609859349473986,3.8666814691868456,1.8370725012606912,"[-14.33797507200275, -0.7463759693233429, -13.018253553886128, 39.609859349473986, -7.173975928205866]"
aa-142-3,1.4.2,False,router,10/method-miss,nsPerOp,5,303.14503,284.5013700000004,-6.150079386094376,6.8448590432109935,21.136100229727273,0.7719407440061121,2.9952544692492697,"[1.6474611359727387, -5.9783129199849405, 8.059858756464134, 21.136100229727273, -6.8448590432109935]"
aa-142-3,1.4.2,False,router,10/registration,nsPerOp,5,8952.76000000024,9878.89999999993,10.344742850245803,7.830124629700541,31.579375406636345,2.332018282628074,11.847574122622236,"[5.4353666616306695, 7.830124629700541, -31.579375406636345, 18.039742752057307, -2.728432349353971]"
aa-142-3,1.4.2,False,router,100/static-shallow,nsPerOp,5,324.8089700000003,293.0546800000002,-9.776297126277045,13.359662565142516,20.8428418710235,6.802142810280215,2.7432184328195075,"[-11.4593990956118, -1.7937591961111332, -16.47240291477502, 20.8428418710235, -13.359662565142516]"
aa-142-3,1.4.2,False,router,100/static-deep,nsPerOp,5,520.1518500000003,495.1336900000002,-4.809780067109271,11.474991572057514,14.743809845019328,5.765351022014128,1.4242577595558106,"[-6.1655341608417125, 1.0140335484542184, -11.474991572057514, 12.61495713174794, -14.743809845019328]"
aa-142-3,1.4.2,False,router,100/param,nsPerOp,5,538.9098999999999,539.4598500000006,0.10204859847644521,13.646954961504976,34.35530153136499,1.698072349385365,3.8497693572562555,"[-3.74142355985444, 0.10204859847644521, -17.60776395180924, 34.35530153136499, -13.646954961504976]"
aa-142-3,1.4.2,False,router,100/param-encoded,nsPerOp,5,649.7382900000002,584.8362899999995,-9.988944933505561,12.917263964849557,25.290764450062596,9.773844481291142,3.7989332023153364,"[-12.917263964849557, -0.2384014380063193, -19.40962974986754, 25.290764450062596, -6.358549909538902]"
aa-142-3,1.4.2,False,router,100/wildcard,nsPerOp,5,586.0583700000007,554.0997399999992,-5.4531479517989645,13.274879176982301,47.39982810927166,6.497601936817215,4.264807992871394,"[-2.0191299586581724, -9.77649113917125, -13.274879176982301, 39.56142278147033, 47.39982810927166]"
aa-142-3,1.4.2,False,router,100/miss,nsPerOp,5,257.64498000000003,248.6978499999998,-3.472658384417282,4.89948031552665,30.298074579070523,7.310140488668213,2.975268986040395,"[1.041682500333474, 4.89948031552665, -30.298074579070523, 1.7711348383344871, 9.59915439033816]"
aa-142-3,1.4.2,False,router,100/method-miss,nsPerOp,5,281.7594000000008,276.72131000000036,-1.7880823142015667,1.9183533703512223,55.84527550583891,2.6988380866802357,2.74408935112386,"[-1.2251647970392576, -1.9183533703512223, -8.492072239060832, 0.906940460548955, 55.84527550583891]"
aa-142-3,1.4.2,False,router,100/registration,nsPerOp,5,72655.99999999949,83249.49999999945,14.580351244219369,10.634469279894066,50.88450507900346,2.4765332525891233,13.764815404296202,"[-10.634469279894066, -3.579312970794779, 4.382498893162445, 50.88450507900346, 24.854365296769277]"
aa-142-3,1.4.2,False,router,1000/static-shallow,nsPerOp,5,339.43336999999923,310.5507,-8.509083829913155,2.1434097375953365,13.220547035913931,6.274112059165283,5.579150199951328,"[0.9690632582482372, -2.1434097375953365, -8.509083829913155, 1.9843106945969913, 13.220547035913931]"
aa-142-3,1.4.2,False,router,1000/static-deep,nsPerOp,5,536.9170699999995,518.1200699999999,-3.5009130925935383,10.452230056553514,25.876000647694774,0.3128397463689711,4.221700965955726,"[-3.8764394759484566, -10.452230056553514, -3.5009130925935383, 20.60403554026815, 25.876000647694774]"
aa-142-3,1.4.2,False,router,1000/param,nsPerOp,5,555.3819799999997,536.3469399999997,-3.4273780362841455,10.697544721130104,32.10048719970562,3.1599044679123347,1.9500866360867404,"[-1.559318363169071, -0.48409148368684374, -10.697544721130104, 22.95692597012242, 32.10048719970562]"
aa-142-3,1.4.2,False,router,1000/param-encoded,nsPerOp,5,683.195119999998,677.4965099999997,-0.8341116370969348,13.083091764071542,24.8937498503512,1.117753885595822,14.4901115431578,"[-15.489566312131831, 13.083091764071542, -11.748330403764996, 24.8937498503512, 12.280120786607075]"
aa-142-3,1.4.2,False,router,1000/wildcard,nsPerOp,5,601.0703699999999,597.342779999999,-0.6201586679444704,5.4455254903247425,18.355275946809147,1.3902565185504108,9.793469002839542,"[-4.066293737799054, -1.982848505888779, -5.4455254903247425, 18.355275946809147, 9.112575287981507]"
aa-142-3,1.4.2,False,router,1000/miss,nsPerOp,5,282.3375799999985,264.2571799999996,-6.403823394674912,13.78510981483645,36.84390862881297,0.6608542865594178,7.855896290121489,"[-12.383992768755158, -4.993827373100091, -17.737664411978958, 36.84390862881297, 13.78510981483645]"
aa-142-3,1.4.2,False,router,1000/method-miss,nsPerOp,5,308.4225000000015,288.7207699999999,-6.387902957793767,13.088840794688196,21.33328330414408,5.537284082711803,6.024983931706098,"[-18.68615839834844, -0.9004810700411925, -12.405070655180129, 21.33328330414408, 13.088840794688196]"
aa-142-3,1.4.2,False,router,1000/registration,nsPerOp,5,587126.5399999993,618096.63,5.274857784490661,23.056965512166204,77.12603893903128,9.085145427083226,12.240624900349264,"[-24.431763818148823, 23.056965512166204, -1.687653227189967, 77.12603893903128, 3.0235596336904536]"
aa-142-3,1.4.2,False,request,constructor-supplied-url,nsPerOp,5,884.1846999999916,807.9882999999995,-8.617701708703262,8.872462148249905,33.796428506398414,6.773607369591974,5.51462193202504,"[3.8797261058221455, 0.716210947486462, -19.134595004489917, 33.796428506398414, -8.872462148249905]"
aa-142-3,1.4.2,False,request,constructor-parse-url,nsPerOp,5,958.6375500000032,927.5444500000049,-3.243467773612485,7.547274749492095,56.264320128081,3.58682486410052,2.0419452674212533,"[-0.07425456820263632, -2.5717104809471314, -11.135278361786959, 56.264320128081, -7.547274749492095]"
aa-142-3,1.4.2,False,request,metadata,nsPerOp,5,3278.575250000006,3215.6735000000026,-1.918569659183611,14.746603672381987,53.58602185507229,4.819521833454697,7.837190249569883,"[-3.8004303427880193, 5.491562270346884, -29.677996530211292, 53.58602185507229, 14.746603672381987]"
aa-142-3,1.4.2,False,request,body-json,nsPerOp,5,25006.89768976904,39187.02400240025,56.70485994923175,65.43230923115897,72.27564161900916,8.416472910744817,27.948353036735934,"[13.153941526413448, 68.05644205665915, -10.874004280127602, 72.27564161900916, 65.43230923115897]"
aa-142-3,1.4.2,False,request,body-shared,nsPerOp,5,29663.091509150905,44274.189618961864,49.25682849106781,63.30007420646269,70.17701710494755,7.389479596667461,22.4414419827175,"[8.781483303733628, 63.569285123490204, -14.224067739268975, 63.30007420646269, 70.17701710494755]"
aa-142-3,1.4.2,False,di,value,nsPerOp,5,61.00567000000183,73.25379999999768,20.077035462434047,7.79511866876641,36.958096963003825,1.953982310166426,8.948013618411377,"[-2.7405832143989173, 36.958096963003825, -6.9067568529921575, -7.79511866876641, 30.82154494819731]"
aa-142-3,1.4.2,False,di,singleton-class-warm,nsPerOp,5,202.35384000000067,182.63261000000057,-9.745913396059125,15.150326940795189,17.955087978563256,4.795752825841783,11.13704721188691,"[-17.955087978563256, 15.150326940795189, -15.757491132210276, -0.02086235996330288, -10.399405857751631]"
aa-142-3,1.4.2,False,di,singleton-factory-warm,nsPerOp,5,190.61958000000004,225.02565999999888,18.04960434809417,21.5139936901831,37.14615889957498,2.4605604523946925,8.925466544571583,"[18.04960434809417, 23.296959652291104, -21.5139936901831, 11.621752723496858, 37.14615889957498]"
aa-142-3,1.4.2,False,di,request-warm,nsPerOp,5,137.34115000000202,137.7818699999989,0.32089435686017964,9.54614071956026,37.6830155072519,9.168024295705926,10.337165550155328,"[-7.90074913013985, 9.54614071956026, -15.590425739119828, 37.6830155072519, -6.978220824266668]"
aa-142-3,1.4.2,False,di,session-warm,nsPerOp,5,117.78974000000062,135.8406100000002,15.324653912980434,13.276818926075896,48.85621616959072,12.609230651158366,8.189782127745554,"[-0.4955935653394361, 24.204856234897186, -13.276818926075896, 48.85621616959072, -12.850737477434105]"
aa-142-3,1.4.2,False,di,class-cold-bind-resolve,nsPerOp,5,913.8778499999944,1391.4327500000013,52.25587861660175,45.39040967017709,73.73960958347186,3.4187938792907184,9.872334828973578,"[53.009534554720396, 45.39040967017709, -9.525733288896243, 31.91351258722557, 73.73960958347186]"
aa-142-3,1.4.2,False,di,factory-cold-bind-resolve,nsPerOp,5,444.61364999999654,459.8496000000068,3.4267841304490565,9.70232964657507,92.76885673663095,10.728584243871428,18.944987665535145,"[-6.092457564368092, 92.76885673663095, -9.70232964657507, -0.5652149792188088, 69.76763756645931]"
aa-142-3,1.4.2,False,di,transient-class,nsPerOp,5,618.3622100000002,669.8567100000014,8.327562578573676,12.649450509828352,31.82907645985944,3.991099326720012,5.808079462248132,"[-1.8802452083743537, 8.327562578573676, -12.649450509828352, 19.107855261897754, 31.82907645985944]"
aa-142-3,1.4.2,False,di,transient-chain-3,nsPerOp,5,1308.7804200000005,1508.5228099999995,15.26171899790485,15.26171899790485,30.90886959247876,0.6970168456524627,11.67547211301357,"[-2.282391989347776, 26.715763811541503, 0.38098047869772333, 30.90886959247876, 15.26171899790485]"
aa-142-3,1.4.2,False,dispatch,static,nsPerOp,5,6704.211821182158,8194.646264626474,22.23131492855348,6.807783143656132,45.45012201258516,1.4777084840564045,16.3327201399961,"[-4.768338359647107, 45.45012201258516, 6.807783143656132, 30.724178118746636, 0.570985767062604]"
aa-142-3,1.4.2,False,dispatch,middleware,nsPerOp,5,8287.880888088883,9207.609960996218,11.097276678157208,7.687818373497457,28.776630426866333,2.524972661870989,5.454097440367531,"[7.687818373497457, 28.776630426866333, 1.3998873556435587, 1.8869949094620697, 21.261670359234298]"
aa-142-3,1.4.2,False,dispatch,async,nsPerOp,5,6590.390039003838,7307.664266426611,10.883638497535596,15.13135161907433,30.882506598829718,2.490770867579979,10.982633138784852,"[-5.575804641538806, 15.13135161907433, 30.312162969932643, 30.882506598829718, 1.227028609127867]"
aa-142-3,1.4.2,False,dispatch,query,nsPerOp,5,7666.994899489836,8329.889888988922,8.646086220080784,14.860433529049244,24.08284796558815,1.8116392621876258,7.836066049685603,"[24.08284796558815, 14.860433529049244, 5.270253244008827, 17.15966529668467, 0.03492982995236815]"
aa-142-3,1.4.2,False,dispatch,metadata,nsPerOp,5,8077.5931593159485,9157.036603660363,13.363429217767475,19.167884364594514,30.908082564630313,1.7234282342079879,11.065374857600187,"[11.442792664006118, 30.908082564630313, 25.164049438942705, 19.167884364594514, 8.327354368801721]"
aa-142-3,1.4.2,False,dispatch,class-warm,nsPerOp,5,12604.814581458211,13443.699069907068,6.655270357430432,25.690909127393123,56.12933536707732,3.7409328849555963,7.846647581766408,"[56.12933536707732, 46.10059395865118, -25.690909127393123, 2.271575628733391, 3.9251565543131584]"
aa-142-3,1.4.2,False,dispatch,factory-warm,nsPerOp,5,11447.963096309672,12858.461746174655,12.320957344103146,30.095725428547393,63.518642555896186,3.7227951805606683,11.513052411455227,"[6.227104311391951, 63.518642555896186, -30.325606194370145, 30.095725428547393, -7.164619402647753]"
aa-142-3,1.4.2,False,dispatch,middleware-20,nsPerOp,5,10070.752175217567,10223.57425742566,1.5174842906388042,6.513026543703471,37.91616742615573,4.611137574873055,4.22997412221474,"[-6.513026543703471, 37.91616742615573, -6.9417599019482745, -6.175264555604853, 1.9231370454117158]"
aa-142-3,1.4.2,False,dispatch,static-listeners,nsPerOp,5,9098.370537053715,10065.803180317986,10.633031918455483,27.72563345230776,71.46540449144713,8.594833501175996,13.383149739957098,"[10.633031918455483, 71.46540449144713, -27.72563345230776, -2.3131555064014764, 28.998501262626263]"
aa-142-3,1.4.2,False,dispatch,middleware-listeners,nsPerOp,5,15254.741674167459,15453.193519351935,1.300919080921159,12.28956721846406,39.6122638489691,4.587684923786169,6.931017883257624,"[-4.466997046202081, 39.6122638489691, -14.811000494473914, -6.852089331822775, 12.28956721846406]"
aa-142-3,1.4.2,False,http,static,rps,5,30586.42934597261,28287.8475209226,-7.515038120501205,4.97208982568872,12.902181556164683,5.068494055532539,3.0435336782804687,"[-12.902181556164683, 3.393324321616631, 1.8767877929535048, -10.3298490826486, -4.97208982568872]"
aa-142-3,1.4.2,False,http,static,p50,5,1.060284000000138,1.0935269999999946,3.1352920538131546,5.925927258225783,18.320608083561197,4.873882846475114,4.340084881285401,"[3.1352920538131546, -5.925927258225783, 17.667314351579044, 3.740060464745687, 18.320608083561197]"
aa-142-3,1.4.2,False,http,static,p95,5,1.663633000000118,1.8762229999997544,12.778659716393047,4.869622573733023,33.03430595403065,6.986997733277618,5.818764613817064,"[33.03430595403065, -4.869622573733023, -3.120381854494003, 14.917052018080557, -0.7273483467403641]"
aa-142-3,1.4.2,False,http,static,p99,5,2.362710999999763,2.8005119999997987,18.529604340102534,5.838542594885077,25.044916623339695,1.7846871665477755,3.464116561529216,"[16.50281140973895, 5.838542594885077, -1.8434977422990273, 25.044916623339695, 4.236301977125079]"
aa-142-3,1.4.2,False,http,param,rps,5,30916.939757138374,32095.66469575449,3.812553725806467,3.812553725806467,29.949393245411436,5.402594559371407,1.6738469983080642,"[0.15867278772525584, 3.812553725806467, 9.068063877247079, 29.949393245411436, 1.6891549630872138]"
aa-142-3,1.4.2,False,http,param,p50,5,1.1049679999996442,0.9165950000005978,-17.04782400930227,14.537285734243033,33.253661077803585,5.588759131432063,5.645459554216368,"[-14.537285734243033, -3.0873292258288054, -21.060291973365096, -33.253661077803585, 11.06543326200562]"
aa-142-3,1.4.2,False,http,param,p95,5,1.7381720000003043,1.5890239999998812,-8.58073884520042,9.151295441323548,16.62361566862539,5.21979412857008,2.2257058420451155,"[7.755936828468379, -8.133877773031672, -9.151295441323548, -16.62361566862539, -10.615462681477272]"
aa-142-3,1.4.2,False,http,param,p99,5,2.4175739999991492,2.303900999999314,-4.701945007676089,2.345121532595462,26.84294070471861,1.2204797040659596,0.3274012207471951,"[0.3893415031232417, -1.2842626533805745, -2.345121532595462, -26.84294070471861, -3.752678873576887]"
aa-142-3,1.4.2,False,http,wildcard,rps,5,30592.42582672052,31331.476455141994,2.4157960947835733,5.2282119326716,7.67130631700369,0.8016817535202619,3.569772781070154,"[2.4157960947835733, -5.815733396924316, 2.954344253373997, -7.67130631700369, 5.2282119326716]"
aa-142-3,1.4.2,False,http,wildcard,p50,5,1.069721999999274,1.057559000000765,-1.137024385636376,4.960157790230846,13.537527351662671,1.994910827237507,9.39295112605915,"[-2.878037471305861, 4.960157790230846, -9.703776290008403, 13.537527351662671, -2.9984865855927967]"
aa-142-3,1.4.2,False,http,wildcard,p95,5,1.6850039999999353,1.6539759999996022,-1.8414199610407023,4.369410024723985,9.262911763439675,2.6434952083186585,6.34150676916971,"[-4.369410024723985, 9.262911763439675, -2.4621900007267827, 2.2804433806406177, -8.035021110041484]"
aa-142-3,1.4.2,False,http,wildcard,p99,5,2.402705999999853,2.365878000000521,-1.532771799768018,6.948504376597886,15.007456391343643,1.1750501309395494,6.336801813117317,"[0.6405424490546041, 15.007456391343643, -6.887968688439394, 6.948504376597886, -7.772444901686681]"
aa-142-3,1.4.2,False,http,middleware,rps,5,30763.35702385009,30961.237211598633,0.6432334013324104,1.2865631009468914,8.6415250258987,0.8510743474727928,0.8509820658267555,"[-0.02194394941911204, -0.20608699261278618, 2.92674638834034, -8.6415250258987, -1.2865631009468914]"
aa-142-3,1.4.2,False,http,middleware,p50,5,1.0067040000003544,0.9682030000003579,-3.824460814696573,7.628884148951776,7.782625280210198,6.94543778498713,4.115562542246162,"[1.7430412104004978, -7.782625280210198, -7.761285892447001, 1.3040157364995641, 7.628884148951776]"
aa-142-3,1.4.2,False,http,middleware,p95,5,1.6559589999997115,1.6954729999997653,2.386170188999892,7.5457547008153325,11.84012201180451,6.11790509300776,4.108587986958346,"[-10.71542187054243, 6.592796077691876, 5.194083227252544, 11.84012201180451, 7.5457547008153325]"
aa-142-3,1.4.2,False,http,middleware,p99,5,2.421050999999352,2.416403000000173,-0.19198273804146293,1.886949097677526,17.442845459942635,1.158215997910946,3.9603493291506897,"[-1.886949097677526, 4.976619404034732, -1.1556640916637773, 17.442845459942635, -1.5410399540223274]"
aa-142-3,1.4.2,False,http,json,rps,5,30653.22468426621,30647.312617247764,-0.01928693336293863,2.700542109062165,10.331290235539436,1.9302017934119005,2.09295278783306,"[-2.700542109062165, 1.020494087230106, 5.606487624749801, -10.331290235539436, -1.7409158749388864]"
aa-142-3,1.4.2,False,http,json,p50,5,0.8710300000002462,0.8727239999989251,0.19448239425490232,5.69629150931873,10.959209212053933,1.280208488870194,2.9225734596483774,"[4.241074894403485, -8.563977120460942, -5.69629150931873, 10.959209212053933, -1.1593491641059717]"
aa-142-3,1.4.2,False,http,json,p95,5,1.7060939999992115,1.6960429999999178,-0.5891234597447892,3.5279805353622073,17.495529174444503,2.8534183930520345,2.6728685534523606,"[-1.87568797485822, -0.07638173013568839, -5.137442697475181, 17.495529174444503, 3.5279805353622073]"
aa-142-3,1.4.2,False,http,json,p99,5,2.4427209999994375,2.4464480000006006,0.15257575470812856,3.339431723864439,21.760660121073027,1.0774869500387911,2.2957773883511807,"[-0.6174279647340186, 3.339431723864439, -5.021117866735314, 21.760660121073027, -3.1898214732546837]"
aa-142-3,1.4.2,False,http,di,rps,5,27604.066892805604,26192.237538120935,-5.114570110872441,8.01938589012754,17.566843176603143,2.248160392528012,2.84674193363818,"[-4.559091492637213, -4.488763082155456, 8.01938589012754, -17.566843176603143, -16.38797490923021]"
aa-142-3,1.4.2,False,http,di,p50,5,1.0114530000009836,1.118583999999828,10.591792203764294,18.401322278800514,45.78003112974649,3.042949103937826,11.048075066350718,"[-4.5315289989983025, 18.401322278800514, -14.351956778843489, 34.99945128426254, 45.78003112974649]"
aa-142-3,1.4.2,False,http,di,p95,5,2.0300790000001143,2.111961999999039,4.033488351877934,9.705123670888716,25.781804550492836,5.672931940049868,4.293590509632319,"[5.554766428107416, 9.705123670888716, -6.655841142431296, 25.781804550492836, 12.125355131704696]"
aa-142-3,1.4.2,False,http,di,p99,5,2.783009000000675,2.880231000001004,3.4934130647908512,14.165854296501212,34.788535758312044,2.8364263285006635,4.469467900403557,"[5.915608712412634, 1.7539850099487664, -14.9510801232143, 34.788535758312044, 14.165854296501212]"
aa-142-3,1.4.2,False,http,static-file,rps,5,16303.724304205676,16146.174831481829,-0.9663403881480348,3.0800622269280375,21.91205906471092,3.1227234164047486,2.134346894848102,"[-9.8233916776429, -2.8390001512210605, 21.91205906471092, -3.0800622269280375, -2.198398550211289]"
aa-142-3,1.4.2,False,http,static-file,p50,5,2.062428999999611,2.084892000000764,1.0891526448259414,15.55877148322875,23.807185092663797,7.594055358930445,1.5136995105307423,"[23.807185092663797, -2.7874179420317446, -15.55877148322875, 12.869621236717709, -18.48999407984453]"
aa-142-3,1.4.2,False,http,static-file,p95,5,3.196722000000591,3.1500860000014654,-1.4588694293440896,7.820373042338824,19.46081012213997,3.2626233998402467,0.9035943780862378,"[7.820373042338824, 12.131657500831071, -19.46081012213997, -1.3304253544917821, 1.195065028192177]"
aa-142-3,1.4.2,False,http,static-file,p99,5,4.267776999999114,4.021075000000565,-5.780573820951773,8.864449367665394,14.130731213270042,2.3111329387633828,1.6167815820626235,"[12.798846205958569, 8.864449367665394, -14.130731213270042, 2.591231922412862, -5.110882500302305]"
aa-142-3,1.4.2,False,http,post-json,rps,5,9422.813444720874,9590.93001698265,1.7841441226448485,7.7099006016516425,20.796223296300752,2.6032744836401425,5.079384914765407,"[-20.796223296300752, 7.7099006016516425, 9.95100200790835, 0.2754066755594975, -0.8035073579268026]"
aa-142-3,1.4.2,False,http,post-json,p50,5,2.897071000001233,2.880882000001293,-0.5588057731389151,4.801177989021355,25.07003897375375,0.990793805138284,2.9218829510698816,"[25.07003897375375, -4.801177989021355, -10.562116013079903, -1.055463303065951, 1.3426528013969818]"
aa-142-3,1.4.2,False,http,post-json,p95,5,6.056575000000521,5.776680999999371,-4.6213247586486705,8.815282295122017,22.515675962490246,2.1406983320072794,6.922781438008049,"[22.515675962490246, -8.815282295122017, -10.839049341279061, -4.6213247586486705, -0.6982614203875359]"
aa-142-3,1.4.2,False,http,post-json,p99,5,8.22644500000024,7.528529999999591,-8.483798287117072,12.07500673969818,44.03289279604654,0.6335543482020037,8.120363470702248,"[44.03289279604654, -12.07500673969818, -16.444615273873488, -8.483798287117072, -5.516519766298956]"
aa-142-3,1.4.2,False,http,async,rps,5,32391.042304562736,31875.269900155017,-1.5923303719530657,12.254412406978465,19.044132141759885,3.1804196148077555,2.49938534312029,"[-14.022877189628923, 12.254412406978465, -3.992909046955617, 4.180637943214416, -19.044132141759885]"
aa-142-3,1.4.2,False,http,async,p50,5,1.020578999999998,1.0335639999993873,1.272316988629929,3.7441478935757777,24.3487449747261,6.131617444521304,1.549783080705967,"[-0.29718424549877165, -3.7441478935757777, 24.3487449747261, -1.0550601436990603, 24.212999577200954]"
aa-142-3,1.4.2,False,http,async,p95,5,1.6137200000011944,1.6479140000010375,2.118954961196362,12.680899857473971,32.879603635615105,3.5698882086693966,4.443617810196654,"[32.879603635615105, -12.680899857473971, 1.2593566530190836, -2.4188211090460654, 21.255249511488074]"
aa-142-3,1.4.2,False,http,async,p99,5,2.357181000001219,2.3805859999993118,0.9929233265532078,15.164429909994348,32.986461377543755,5.300908161064278,4.584795508348989,"[32.986461377543755, -15.164429909994348, 0.9929233265532078, -8.194820734899888, 32.53868666692441]"
aa-142-3,1.4.2,False,http,query,rps,5,27856.15737579829,27331.412547005148,-1.883766025995559,8.633292173318008,27.70232127639096,7.445470374459527,7.558854868665144,"[7.156179042550015, 27.70232127639096, -13.983486741960272, 8.633292173318008, -1.883766025995559]"
aa-142-3,1.4.2,False,http,query,p50,5,1.2063280000002123,1.1679160000021511,-3.184208606453176,7.1462081844880565,26.21923268441815,7.516115020214675,9.157336657550632,"[-0.6605453293316188, -11.51575524095928, 26.21923268441815, -7.1462081844880565, -3.184208606453176]"
aa-142-3,1.4.2,False,http,query,p95,5,1.8320780000030936,1.9151139999994484,4.532339780086581,12.789721643414309,27.292716084280467,8.279833064049534,6.5664498301914245,"[-12.789721643414309, -27.292716084280467, 21.452464762586978, -10.241568048205984, 4.532339780086581]"
aa-142-3,1.4.2,False,http,query,p99,5,2.8875029999981052,2.8582290000013018,-1.0138171283916475,16.43163708378158,28.7912425481094,7.257169949136641,12.40044097224635,"[-16.43163708378158, -28.7912425481094, 19.469652148010063, -7.243744473434644, -1.0138171283916475]"
aa-142-3,1.4.2,False,http,metadata,rps,5,22829.713876190566,26167.52174708868,14.62045424221965,2.859423731948052,19.715854789199305,4.256245387005623,1.4196926911017709,"[-1.4864260114245686, -0.997401149765309, 19.715854789199305, 12.993196030835218, -2.859423731948052]"
aa-142-3,1.4.2,False,http,metadata,p50,5,1.4380400000009104,1.2774099999987811,-11.170064810577419,5.184162856812846,14.944292076836375,4.437359183076172,2.767866229377583,"[-3.2010634347766853, 3.4297010169381137, -14.944292076836375, -12.687477399826674, 5.184162856812846]"
aa-142-3,1.4.2,False,http,metadata,p95,5,2.1949989999993704,1.9584460000005492,-10.776906959815879,3.3778319879873786,13.416004134498005,8.168796432157407,4.048567078241201,"[3.3778319879873786, -0.6083593075852045, -13.416004134498005, -7.172486183261717, 0.26692510843653316]"
aa-142-3,1.4.2,False,http,metadata,p99,5,3.5561449999986507,2.9457620000030147,-17.1641763762689,7.914277979335771,17.1641763762689,2.728010247108396,4.92069624073338,"[-7.914277979335771, -2.539168615873466, -17.1641763762689, -14.226507377711261, 3.8509497151018923]"
aa-142-3,1.4.2,False,http,class-warm,rps,5,25065.714572268025,25261.113761167046,0.7795476499808496,24.1971783030287,28.994110364675805,12.321002853268329,6.9872995326108205,"[-24.1971783030287, 27.82091211263551, 28.994110364675805, -17.148580851541105, -10.275420366718757]"
aa-142-3,1.4.2,False,http,class-warm,p50,5,1.2793539999984205,1.3170849999987695,2.949222810918295,17.941110547234917,36.52064174768379,6.47014039893471,0.4511478001359602,"[6.870163970285614, -8.215809063464995, -17.941110547234917, 24.029002137302548, 36.52064174768379]"
aa-142-3,1.4.2,False,http,class-warm,p95,5,2.3742029999993974,2.282651999998052,-3.856072964332402,26.18662567255099,48.547185526192685,11.647571837706627,15.859973399196443,"[48.547185526192685, -26.518443906163427, -26.18662567255099, 14.081609702297214, 25.830772326224995]"
aa-142-3,1.4.2,False,http,class-warm,p99,5,3.021756000001915,2.714069000001473,-10.182390636446058,27.436153083841,47.648424072465744,16.518077568083825,3.4123303425336022,"[47.648424072465744, -27.436153083841, -28.626768501406406, 22.80753310314303, 7.589292085127597]"
aa-142-3,1.4.2,False,http,factory-warm,rps,5,25401.31354473866,25509.95394265606,0.427695984012999,20.140311959067013,33.09063475263257,8.071469113478113,10.372790121367013,"[-20.140311959067013, 33.09063475263257, 22.993632987805768, -9.98945814413319, -4.79521978202574]"
aa-142-3,1.4.2,False,http,factory-warm,p50,5,1.3407189999998081,1.3238080000010086,-1.261338132658818,15.717040678798867,37.43172223359268,15.354074940400297,8.577678938245091,"[7.20814727024115, -37.43172223359268, -15.717040678798867, 15.824771775761516, -8.952614586256535]"
aa-142-3,1.4.2,False,http,factory-warm,p95,5,2.154019999998127,2.2566340000012133,4.763836919024689,19.050480420511985,43.18404804358884,12.000492103033757,8.246707263925389,"[43.18404804358884, -30.631554210244172, -14.16387648001779, 13.403403868192854, 19.050480420511985]"
aa-142-3,1.4.2,False,http,factory-warm,p99,5,2.895680000001448,3.0685520000006363,5.969996684685519,21.031440069471262,46.13589899421242,7.5035224887973735,12.38962220619718,"[46.13589899421242, -26.06054080478748, -18.541010196454653, 21.031440069471262, 6.6885404058976805]"
aa-142-3,1.4.2,False,http,middleware-20,rps,5,24571.91786748852,23750.495150774448,-3.3429328599576147,9.925016733466796,16.66896871899768,6.584167882303966,1.3370069091208525,"[-9.925016733466796, 2.362539432876476, 1.3245879958438733, -15.666200258149498, 16.66896871899768]"
aa-142-3,1.4.2,False,http,middleware-20,p50,5,1.263052999998763,1.3609269999979006,7.749001823299051,6.620040510550096,17.621350806413226,2.5952988513861905,9.162357716597825,"[-6.032843224358175, 6.172618230890348, -6.620040510550096, 17.621350806413226, -15.383171052108136]"
aa-142-3,1.4.2,False,http,middleware-20,p95,5,2.0762759999997797,2.183396000000357,5.1592370186135605,14.957864582063685,22.371203923700065,9.033047629637549,8.198054773496969,"[22.371203923700065, -3.5528774947046537, 16.792179845098666, 13.081356643598085, -14.957864582063685]"
aa-142-3,1.4.2,False,http,middleware-20,p99,5,3.1262709999973595,3.1884979999995267,1.9904544424401927,13.033386999823282,28.446815141476623,10.61488271498489,3.0724184238747694,"[28.446815141476623, -7.796806415974567, 4.891962341152034, 13.033386999823282, -26.962729818833775]"
aa-142-3,1.4.2,False,http,static-listeners,rps,5,27657.35500726523,27033.061921424953,-2.257240743651312,18.639838937467733,33.23825156373379,7.186167009530955,8.593220661904525,"[6.1420102402808485, 6.904715587972832, -18.639838937467733, -18.777766004929997, 33.23825156373379]"
aa-142-3,1.4.2,False,http,static-listeners,p50,5,1.180358999998134,1.1850570000024163,0.39801450273091454,7.221555026444804,19.327791158085404,5.8447472336406445,1.1716735988456286,"[-3.390917508866864, -7.221555026444804, 6.755625939374954, 19.26026864252355, -19.327791158085404]"
aa-142-3,1.4.2,False,http,static-listeners,p95,5,2.0285880000010366,2.0209109999996144,-0.37844057055539393,29.203231964804242,32.56402946598072,14.401051371720405,12.154369984673469,"[-12.486813488111448, -5.38044262002777, 31.046618100209457, 32.56402946598072, -29.203231964804242]"
aa-142-3,1.4.2,False,http,static-listeners,p99,5,2.817461999999068,2.9763109999985318,5.638017478124491,19.369083260779952,28.3349928832356,8.691794246068415,6.324977463823931,"[-7.958510176861444, 0.05496396920317004, 19.369083260779952, 26.07475175980356, -28.3349928832356]"
aa-142-3,1.4.2,False,http,middleware-listeners,rps,5,21901.582643625014,23514.640958343785,7.365030833460295,8.714773587893143,12.138383310637524,1.9491559847460371,2.65969371630344,"[8.714773587893143, 9.499343847317942, -5.381500101916381, -2.9569216914796415, 12.138383310637524]"
aa-142-3,1.4.2,False,http,middleware-listeners,p50,5,1.4899179999993066,1.363731999997981,-8.469325157584805,4.629790864768535,19.89203432660167,2.8067987635474365,5.2139276633886915,"[-11.167778802809424, -4.439826839706584, -4.629790864768535, 4.537624030673348, -19.89203432660167]"
aa-142-3,1.4.2,False,http,middleware-listeners,p95,5,2.5678960000004736,2.54424199999994,-0.9211432238894868,8.944527491549403,11.640403799592303,3.2823759218371173,3.3633199986329894,"[0.4151598261975531, -8.944527491549403, 11.640403799592303, 3.458317626560148, -9.240307273150872]"
aa-142-3,1.4.2,False,http,middleware-listeners,p99,5,3.4085180000001856,3.2618949999996403,-4.3016642423639,15.428127382517609,17.798322307940474,7.53852554100387,2.8063748220469464,"[-1.6160102425436529, -17.180307027474985, 17.798322307940474, -1.7199857426331344, -15.428127382517609]"
